respondent_id,age,gender,income,region,value_orientation,moral_self_score,q1,q2,q3,q4,q5
1,29,男,中等收入,农村,个人主义,6,3,3,4,3,5
2,36,男,低收入,城市,个人主义,6,3,2,2,5,4
3,57,男,中等收入,农村,个人主义,1,1,1,2,3,4
4,28,男,高收入,城市,集体主义,3,5,5,5,3,4
5,49,男,高收入,城市,个人主义,10,3,3,1,3,3
6,43,女,低收入,城市,个人主义,8,1,5,5,3,5
7,56,女,高收入,城市,个人主义,8,3,1,5,5,1
8,47,女,中等收入,农村,集体主义,8,4,2,1,5,2
9,58,男,高收入,农村,个人主义,1,2,4,1,3,5
10,31,男,高收入,农村,混合,10,4,5,1,5,5
11,55,男,低收入,农村,集体主义,10,3,1,5,5,3
12,46,男,低收入,城市,集体主义,4,5,2,5,4,3
13,55,女,中等收入,城市,混合,9,3,4,3,2,1
14,23,女,高收入,农村,个人主义,9,3,1,2,2,1
15,57,男,低收入,城市,混合,2,3,2,1,4,5
16,41,男,低收入,农村,集体主义,4,3,3,2,3,1
17,39,男,低收入,农村,集体主义,2,4,4,5,1,4
18,45,女,中等收入,城市,个人主义,4,2,4,3,2,5
19,39,男,低收入,城市,个人主义,6,2,2,1,2,1
20,18,女,高收入,农村,集体主义,7,5,3,5,3,4
21,55,女,高收入,农村,个人主义,6,2,1,5,4,1
22,36,女,高收入,农村,混合,5,5,3,3,1,5
23,65,女,低收入,农村,个人主义,9,3,4,3,4,1
24,32,男,高收入,农村,混合,1,2,3,2,4,2
25,64,男,低收入,城市,混合,8,5,3,2,4,1
26,18,男,低收入,农村,混合,8,3,4,3,4,1
27,64,男,低收入,城市,混合,3,2,3,4,4,1
28,64,女,高收入,农村,个人主义,7,3,3,1,4,1
29,42,女,高收入,农村,集体主义,6,5,1,3,3,2
30,40,男,低收入,农村,个人主义,2,1,4,3,4,3
31,67,男,低收入,城市,混合,5,2,4,2,2,1
32,47,男,低收入,城市,混合,6,1,5,2,2,1
33,58,男,中等收入,农村,混合,4,5,1,1,5,1
34,33,男,高收入,农村,集体主义,2,4,2,4,5,4
35,18,女,低收入,农村,集体主义,9,5,5,2,5,5
36,33,女,高收入,城市,个人主义,6,1,2,2,5,1
37,44,女,高收入,农村,个人主义,10,1,2,4,3,1
38,42,女,中等收入,农村,个人主义,6,1,3,5,3,3
39,30,女,低收入,城市,混合,8,4,5,3,4,5
40,19,女,高收入,农村,集体主义,1,5,3,5,1,1
41,24,男,中等收入,农村,个人主义,5,2,2,3,4,3
42,21,女,高收入,农村,混合,2,2,3,2,2,5
43,20,男,高收入,农村,混合,3,4,4,2,3,5
44,24,男,中等收入,城市,混合,10,4,2,2,1,5
45,23,女,低收入,农村,个人主义,2,3,2,5,1,2
46,45,男,中等收入,农村,混合,3,4,2,3,1,1
47,65,女,高收入,农村,集体主义,2,4,4,2,2,3
48,31,男,高收入,城市,混合,8,4,1,1,5,5
49,28,女,低收入,农村,混合,8,2,2,4,5,2
50,53,女,高收入,城市,个人主义,2,1,1,4,5,4
51,61,女,低收入,城市,个人主义,2,1,2,3,5,4
52,41,男,高收入,城市,个人主义,8,3,1,3,5,1
53,36,女,低收入,城市,个人主义,10,3,5,2,1,2
54,33,男,中等收入,农村,集体主义,1,4,3,2,3,2
55,49,女,中等收入,城市,集体主义,2,5,5,1,1,5
56,40,女,低收入,农村,混合,5,4,1,5,4,2
57,18,女,低收入,农村,个人主义,9,1,1,1,2,5
58,37,男,高收入,农村,集体主义,2,5,3,3,5,2
59,35,男,低收入,城市,个人主义,5,3,4,1,5,4
60,41,女,高收入,城市,集体主义,4,3,1,2,2,3
61,42,女,低收入,农村,混合,10,1,1,1,1,1
62,67,男,高收入,农村,个人主义,6,3,1,4,2,4
63,51,男,中等收入,农村,混合,8,3,1,1,3,5
64,47,男,高收入,农村,集体主义,6,3,4,2,2,5
65,59,男,高收入,农村,集体主义,8,3,5,4,3,1
66,55,男,中等收入,城市,混合,1,2,5,3,1,5
67,32,男,中等收入,城市,混合,8,5,1,2,3,5
68,68,女,中等收入,城市,混合,4,2,4,3,4,1
69,28,女,高收入,城市,集体主义,2,3,1,4,2,4
70,20,男,中等收入,农村,集体主义,5,4,3,1,2,2
71,36,女,中等收入,农村,个人主义,6,2,2,4,1,3
72,30,女,高收入,农村,集体主义,1,3,4,2,4,4
73,48,男,低收入,农村,混合,10,3,2,4,3,5
74,23,女,高收入,农村,集体主义,8,4,2,2,1,5
75,26,女,中等收入,农村,集体主义,10,5,2,2,4,5
76,47,男,高收入,城市,个人主义,7,3,4,1,3,3
77,67,女,高收入,城市,集体主义,7,3,1,1,4,1
78,55,女,低收入,城市,混合,4,3,4,5,5,2
79,44,女,中等收入,城市,混合,6,4,4,1,5,5
80,21,男,中等收入,城市,集体主义,1,5,3,2,4,3
81,26,男,高收入,城市,个人主义,9,2,4,2,4,5
82,60,男,中等收入,农村,集体主义,2,5,1,5,3,4
83,68,男,高收入,城市,集体主义,7,4,1,2,1,1
84,23,女,高收入,城市,混合,2,3,3,4,2,4
85,50,女,低收入,农村,个人主义,3,1,2,5,5,4
86,48,男,高收入,城市,集体主义,5,3,4,4,4,3
87,43,男,中等收入,城市,个人主义,4,2,5,1,3,2
88,66,男,中等收入,城市,个人主义,9,3,5,5,5,4
89,42,女,高收入,农村,集体主义,3,4,5,4,4,4
90,22,男,高收入,城市,集体主义,10,5,4,2,2,4
91,26,男,高收入,农村,混合,9,3,4,3,2,4
92,57,男,低收入,农村,混合,9,3,3,1,4,3
93,51,男,低收入,农村,混合,9,1,4,2,4,2
94,21,女,中等收入,城市,个人主义,1,3,5,1,3,5
95,35,男,中等收入,城市,混合,9,2,5,2,2,5
96,44,女,中等收入,城市,混合,7,5,4,4,1,2
97,34,男,高收入,城市,集体主义,6,3,2,1,5,5
98,18,男,低收入,城市,集体主义,3,5,1,3,4,4
99,24,女,中等收入,城市,集体主义,5,3,3,4,2,1
100,56,女,中等收入,农村,混合,8,2,2,2,3,1
101,39,男,高收入,城市,混合,7,1,3,5,3,4
102,55,男,高收入,城市,个人主义,2,1,4,1,1,4
103,50,女,中等收入,城市,混合,7,3,1,2,2,4
104,40,男,中等收入,农村,混合,8,3,2,3,3,5
105,67,男,中等收入,农村,混合,9,2,3,3,4,4
106,27,男,高收入,城市,个人主义,10,1,3,3,2,3
107,57,女,低收入,城市,混合,3,5,4,5,4,2
108,26,男,低收入,城市,混合,1,2,2,2,5,3
109,45,男,高收入,农村,个人主义,3,1,5,4,2,3
110,34,女,低收入,农村,集体主义,1,5,1,4,4,3
111,65,女,高收入,城市,个人主义,6,3,3,5,5,1
112,69,女,中等收入,农村,个人主义,8,3,5,5,3,1
113,58,女,中等收入,城市,集体主义,4,4,3,3,2,4
114,67,女,低收入,农村,个人主义,5,2,2,4,4,3
115,22,女,低收入,城市,集体主义,3,3,2,2,2,4
116,58,女,低收入,城市,个人主义,6,3,4,4,2,5
117,62,女,低收入,城市,集体主义,4,4,5,1,1,5
118,55,男,高收入,农村,混合,4,5,4,2,3,1
119,55,男,中等收入,农村,个人主义,2,2,2,5,2,4
120,29,女,中等收入,农村,个人主义,4,3,4,1,5,1
121,47,男,高收入,城市,个人主义,10,3,5,1,1,3
122,43,女,中等收入,农村,集体主义,5,4,3,2,5,2
123,32,女,中等收入,城市,混合,2,2,5,2,3,3
124,33,女,高收入,城市,个人主义,7,3,4,1,3,3
125,47,女,高收入,农村,集体主义,3,4,2,5,3,4
126,42,女,中等收入,农村,个人主义,10,2,1,3,4,5
127,23,女,低收入,农村,集体主义,8,3,3,3,5,3
128,26,男,低收入,城市,集体主义,8,5,2,4,2,3
129,42,女,高收入,城市,集体主义,2,4,5,1,1,5
130,31,男,高收入,农村,混合,3,4,1,1,3,5
131,20,女,中等收入,城市,集体主义,1,3,1,3,5,2
132,46,女,中等收入,农村,个人主义,6,1,4,1,1,1
133,36,男,低收入,农村,混合,9,2,5,4,4,1
134,41,男,高收入,城市,混合,9,2,3,3,5,4
135,55,女,中等收入,农村,混合,4,3,1,3,2,5
136,59,女,低收入,城市,个人主义,7,2,2,5,5,1
137,66,男,低收入,城市,个人主义,3,1,2,5,3,3
138,40,男,高收入,农村,集体主义,6,4,3,5,5,5
139,63,女,高收入,农村,集体主义,2,5,2,2,1,5
140,24,女,高收入,农村,个人主义,9,3,3,2,1,5
141,28,男,中等收入,城市,集体主义,2,4,1,2,3,1
142,42,女,低收入,农村,个人主义,2,1,3,5,3,3
143,22,女,低收入,城市,个人主义,5,1,3,3,4,3
144,32,女,中等收入,农村,个人主义,1,3,3,4,5,5
145,28,男,低收入,农村,集体主义,1,5,5,4,5,3
146,30,男,中等收入,城市,混合,8,4,4,3,2,2
147,44,女,高收入,城市,混合,7,1,5,3,1,1
148,35,男,高收入,城市,集体主义,10,3,3,2,5,4
149,22,男,低收入,城市,混合,9,5,3,2,2,1
150,58,女,低收入,农村,个人主义,2,1,1,1,4,5
151,38,男,高收入,城市,个人主义,2,2,4,1,2,4
152,43,男,高收入,城市,集体主义,3,3,1,4,5,5
153,61,男,低收入,农村,混合,4,1,5,4,5,3
154,48,男,低收入,城市,个人主义,5,2,2,4,1,5
155,54,男,中等收入,农村,集体主义,6,3,1,3,1,1
156,58,男,低收入,城市,个人主义,2,1,4,2,1,4
157,34,男,高收入,城市,个人主义,2,1,3,4,2,2
158,60,女,高收入,农村,混合,7,1,5,4,2,4
159,60,男,低收入,农村,个人主义,5,1,4,1,2,1
160,56,男,高收入,城市,个人主义,7,1,5,2,5,5
161,20,女,高收入,农村,个人主义,7,2,3,4,4,3
162,64,男,中等收入,城市,集体主义,6,3,3,4,5,5
163,48,女,中等收入,农村,个人主义,7,1,1,1,5,4
164,47,女,低收入,城市,混合,2,2,3,3,2,2
165,49,女,低收入,城市,混合,4,1,1,1,3,5
166,45,男,低收入,城市,集体主义,10,3,2,3,1,5
167,23,男,低收入,农村,混合,3,2,4,5,1,5
168,50,男,高收入,农村,集体主义,6,5,1,5,4,1
169,51,女,低收入,城市,个人主义,10,3,3,5,4,1
170,18,女,中等收入,农村,混合,1,3,1,3,4,3
171,28,男,高收入,农村,混合,6,2,3,3,2,5
172,32,女,低收入,农村,混合,2,3,3,2,5,2
173,43,女,低收入,城市,集体主义,3,4,2,5,2,3
174,47,男,低收入,城市,集体主义,1,5,5,2,5,5
175,36,女,高收入,农村,混合,10,2,3,5,2,4
176,47,女,低收入,农村,集体主义,9,4,4,4,2,1
177,52,男,高收入,城市,集体主义,6,5,4,5,1,5
178,34,男,低收入,农村,个人主义,6,1,5,1,1,3
179,48,女,低收入,城市,个人主义,1,1,5,1,3,4
180,41,男,低收入,城市,混合,3,1,3,2,2,3
181,45,女,低收入,农村,混合,7,4,3,1,2,2
182,22,男,低收入,城市,个人主义,8,3,5,4,2,3
183,53,男,低收入,农村,个人主义,1,3,2,1,2,1
184,20,男,中等收入,城市,集体主义,5,5,5,2,1,4
185,36,女,高收入,城市,集体主义,5,3,5,2,5,1
186,23,女,高收入,农村,个人主义,1,3,3,5,2,2
187,48,男,低收入,农村,个人主义,7,2,2,5,4,3
188,18,女,低收入,农村,混合,4,4,5,1,1,3
189,47,男,中等收入,城市,混合,4,1,2,4,1,5
190,20,女,中等收入,城市,混合,3,5,2,1,3,1
191,29,女,高收入,城市,个人主义,7,3,3,4,1,4
192,58,男,高收入,农村,混合,2,4,2,4,1,5
193,32,女,中等收入,农村,集体主义,3,4,2,5,1,2
194,26,男,低收入,农村,集体主义,2,5,5,1,4,3
195,68,男,低收入,城市,混合,1,4,3,4,1,4
196,30,男,中等收入,城市,混合,7,1,3,3,4,5
197,62,女,中等收入,农村,集体主义,7,5,4,2,1,1
198,46,女,低收入,城市,个人主义,10,1,3,5,1,4
199,47,男,高收入,农村,混合,7,1,1,5,4,2
200,32,男,中等收入,城市,个人主义,2,3,3,4,5,2
201,45,男,中等收入,农村,混合,6,2,1,3,2,4
202,26,男,高收入,农村,混合,1,2,4,5,1,4
203,53,男,低收入,农村,集体主义,8,4,3,1,4,5
204,23,男,高收入,农村,集体主义,10,3,1,5,3,5
205,37,女,低收入,城市,混合,9,5,3,1,2,1
206,64,女,高收入,农村,集体主义,7,3,4,5,3,2
207,18,女,低收入,农村,集体主义,7,3,2,1,3,1
208,33,女,高收入,城市,集体主义,7,5,3,1,3,4
209,23,男,中等收入,城市,集体主义,2,4,5,5,4,2
210,31,男,低收入,城市,个人主义,5,3,3,3,2,4
211,36,女,高收入,农村,集体主义,8,3,1,2,3,4
212,19,男,中等收入,农村,集体主义,7,4,5,5,4,5
213,22,男,高收入,农村,个人主义,7,3,2,4,5,1
214,18,女,低收入,城市,集体主义,4,3,4,2,1,5
215,26,女,中等收入,农村,集体主义,1,3,5,1,4,5
216,47,男,低收入,农村,个人主义,6,3,4,1,2,4
217,60,女,高收入,城市,集体主义,5,3,5,2,1,3
218,40,女,高收入,农村,个人主义,6,2,3,2,3,3
219,44,女,低收入,城市,个人主义,8,3,1,4,4,5
220,59,男,低收入,农村,个人主义,6,2,3,4,4,3
221,32,女,低收入,农村,个人主义,6,1,1,1,1,4
222,25,男,高收入,城市,混合,2,3,4,5,5,4
223,50,男,低收入,城市,集体主义,4,5,1,1,1,1
224,64,男,高收入,农村,个人主义,6,1,1,4,5,4
225,57,男,高收入,城市,集体主义,10,3,4,3,5,1
226,54,女,高收入,农村,混合,9,5,5,1,3,4
227,55,男,高收入,城市,混合,10,1,1,1,5,1
228,30,女,高收入,农村,个人主义,7,1,1,5,1,1
229,65,男,低收入,农村,混合,1,4,2,4,5,4
230,40,女,低收入,农村,集体主义,3,5,5,4,2,5
231,50,男,低收入,城市,个人主义,2,1,1,2,5,5
232,48,女,中等收入,城市,集体主义,3,4,3,3,4,1
233,30,女,高收入,城市,集体主义,5,5,5,4,3,4
234,47,女,中等收入,城市,混合,8,4,2,3,3,2
235,60,女,中等收入,城市,混合,2,3,3,5,5,2
236,56,女,中等收入,农村,集体主义,7,4,4,1,2,5
237,50,女,低收入,农村,混合,7,1,5,4,2,4
238,59,男,高收入,城市,集体主义,4,5,3,2,1,4
239,58,男,高收入,城市,集体主义,2,3,3,5,2,5
240,36,男,低收入,城市,集体主义,6,3,1,5,1,3
241,59,女,低收入,农村,混合,6,1,4,2,2,5
242,62,男,中等收入,城市,混合,1,2,4,1,5,4
243,58,女,高收入,城市,混合,1,1,3,5,2,5
244,66,男,低收入,城市,集体主义,4,4,5,5,3,5
245,42,男,高收入,城市,个人主义,7,1,3,2,2,3
246,42,男,低收入,农村,混合,1,2,3,4,2,1
247,68,女,低收入,农村,集体主义,1,5,4,4,2,2
248,21,男,低收入,农村,混合,3,1,4,5,1,1
249,59,男,中等收入,城市,个人主义,1,3,3,2,4,1
250,44,男,中等收入,城市,个人主义,2,1,2,3,4,4
251,51,女,高收入,农村,集体主义,4,3,1,2,4,5
252,41,男,低收入,农村,个人主义,3,1,5,3,4,3
253,54,女,中等收入,城市,集体主义,1,5,4,1,5,3
254,39,男,低收入,城市,集体主义,4,3,5,1,5,2
255,23,女,高收入,城市,混合,8,1,1,3,5,1
256,32,女,中等收入,城市,混合,7,2,2,3,3,1
257,59,女,中等收入,城市,个人主义,4,3,1,5,4,1
258,26,女,中等收入,农村,个人主义,6,3,1,2,1,4
259,30,男,低收入,城市,个人主义,10,1,3,5,5,1
260,23,男,低收入,农村,混合,10,4,1,3,1,3
261,39,女,中等收入,城市,个人主义,5,1,3,1,4,2
262,56,男,低收入,城市,个人主义,8,3,1,4,3,2
263,59,女,中等收入,农村,个人主义,4,2,2,2,2,4
264,43,女,高收入,城市,混合,5,2,5,1,1,5
265,22,女,中等收入,城市,个人主义,10,3,1,4,2,5
266,48,男,高收入,城市,个人主义,10,3,1,2,2,2
267,52,男,中等收入,农村,混合,4,5,3,5,2,1
268,18,男,高收入,城市,混合,3,2,1,1,1,3
269,37,男,低收入,农村,个人主义,9,1,5,2,5,3
270,19,女,中等收入,城市,集体主义,3,3,1,2,5,4
271,49,女,高收入,农村,混合,4,2,1,5,1,3
272,63,男,低收入,农村,个人主义,3,1,1,5,2,5
273,23,女,高收入,城市,混合,5,3,3,5,4,5
274,37,女,中等收入,城市,个人主义,1,2,3,4,3,1
275,42,男,低收入,城市,个人主义,5,2,5,4,2,5
276,31,女,高收入,农村,集体主义,9,4,3,1,5,1
277,20,男,中等收入,城市,混合,7,4,3,2,3,2
278,27,女,高收入,农村,个人主义,6,3,5,3,5,2
279,23,男,中等收入,农村,集体主义,2,4,3,5,3,3
280,58,男,高收入,农村,集体主义,1,5,1,5,3,5
281,57,女,高收入,城市,混合,2,3,5,2,5,3
282,66,男,高收入,城市,混合,8,5,1,5,2,4
283,56,女,低收入,城市,混合,8,1,2,1,3,1
284,46,女,低收入,农村,集体主义,6,5,4,3,2,2
285,56,男,中等收入,农村,集体主义,5,3,4,1,1,5
286,33,女,高收入,城市,集体主义,1,5,5,2,4,5
287,24,男,中等收入,农村,混合,6,5,1,5,3,2
288,30,男,低收入,城市,混合,7,4,3,3,1,4
289,53,男,低收入,城市,集体主义,6,5,2,3,1,5
290,56,男,中等收入,城市,个人主义,8,1,4,5,4,3
291,23,男,低收入,城市,混合,8,3,2,3,1,5
292,54,女,高收入,农村,混合,7,5,3,5,3,5
293,22,男,低收入,农村,集体主义,2,4,1,4,2,2
294,32,男,低收入,城市,集体主义,6,5,3,5,5,2
295,60,男,高收入,农村,混合,6,2,1,4,1,5
296,59,女,低收入,农村,混合,3,1,1,3,2,2
297,32,男,低收入,城市,集体主义,8,4,5,1,3,5
298,43,男,中等收入,农村,个人主义,6,3,4,1,2,5
299,44,女,高收入,农村,混合,2,3,2,2,4,1
300,67,女,高收入,农村,个人主义,6,1,4,3,5,4
301,56,女,低收入,城市,个人主义,5,2,3,1,3,2
302,32,男,低收入,农村,混合,5,3,5,1,1,2
303,63,男,低收入,城市,集体主义,4,5,5,2,1,1
304,44,男,低收入,城市,集体主义,4,4,1,2,2,4
305,31,女,高收入,城市,混合,8,3,1,2,5,4
306,23,女,低收入,农村,混合,2,3,1,1,1,4
307,29,男,高收入,城市,个人主义,4,3,2,2,5,5
308,45,女,低收入,城市,混合,7,3,2,5,1,1
309,64,女,中等收入,农村,集体主义,10,4,3,2,2,4
310,49,女,中等收入,城市,个人主义,4,1,5,3,3,3
311,64,女,低收入,城市,个人主义,4,3,4,5,1,1
312,58,女,高收入,农村,集体主义,2,4,4,2,5,1
313,56,男,高收入,城市,个人主义,2,1,2,5,3,4
314,22,男,高收入,城市,混合,9,4,1,1,3,2
315,46,男,中等收入,农村,集体主义,2,3,1,1,2,2
316,28,男,低收入,城市,个人主义,10,2,1,3,5,2
317,58,男,中等收入,城市,集体主义,2,5,1,4,5,4
318,36,男,低收入,城市,混合,1,2,4,3,5,1
319,31,男,中等收入,城市,混合,4,1,5,1,2,5
320,33,女,低收入,农村,个人主义,6,2,1,3,1,5
321,50,女,高收入,农村,集体主义,9,3,1,2,2,2
322,58,男,中等收入,农村,混合,5,1,5,3,5,3
323,52,男,低收入,城市,集体主义,5,5,5,2,4,4
324,60,男,低收入,农村,个人主义,9,2,5,2,3,4
325,57,男,低收入,农村,集体主义,9,5,2,4,4,2
326,46,男,高收入,农村,个人主义,1,3,2,1,3,3
327,19,男,高收入,农村,集体主义,6,3,2,1,5,2
328,44,男,高收入,农村,集体主义,6,5,5,3,4,2
329,50,女,低收入,农村,个人主义,1,3,4,2,1,3
330,40,男,高收入,农村,混合,1,4,5,3,5,3
331,27,女,低收入,农村,个人主义,4,3,2,3,2,3
332,19,女,高收入,农村,集体主义,8,4,3,1,3,4
333,55,女,高收入,城市,混合,7,2,1,4,4,5
334,64,男,高收入,城市,个人主义,8,3,1,3,4,2
335,55,男,低收入,农村,混合,9,5,1,2,4,2
336,66,女,低收入,农村,集体主义,10,5,1,2,1,3
337,36,女,低收入,农村,混合,2,1,5,3,4,2
338,60,男,低收入,城市,混合,6,5,2,2,3,3
339,64,男,低收入,农村,混合,7,2,2,2,5,3
340,51,女,高收入,城市,个人主义,3,3,4,2,2,1
341,46,男,高收入,城市,个人主义,2,3,4,1,5,3
342,30,男,低收入,城市,混合,1,5,3,2,3,1
343,40,男,高收入,城市,集体主义,4,5,2,2,5,4
344,55,男,高收入,城市,集体主义,6,5,1,1,4,2
345,55,女,高收入,农村,混合,3,1,2,5,5,2
346,41,男,中等收入,农村,个人主义,3,1,2,1,2,3
347,65,女,中等收入,农村,混合,2,3,5,5,2,3
348,47,女,中等收入,城市,集体主义,8,5,4,5,2,5
349,47,女,中等收入,农村,混合,5,2,3,4,3,5
350,21,男,中等收入,城市,集体主义,7,5,4,1,1,4
351,32,男,高收入,城市,混合,7,1,3,2,2,5
352,45,女,高收入,城市,个人主义,1,1,5,2,3,2
353,63,男,高收入,农村,混合,2,5,3,4,5,4
354,63,女,低收入,农村,混合,7,1,1,3,1,2
355,43,女,中等收入,农村,集体主义,10,5,4,5,1,2
356,25,女,中等收入,城市,混合,1,1,5,3,2,5
357,52,女,高收入,农村,集体主义,2,3,3,4,3,3
358,27,男,高收入,城市,集体主义,3,4,3,5,4,3
359,20,男,高收入,城市,集体主义,9,4,4,5,5,2
360,65,男,高收入,农村,集体主义,6,3,2,2,5,4
361,43,男,高收入,农村,集体主义,1,4,5,2,2,3
362,32,女,低收入,农村,个人主义,2,2,2,5,3,2
363,49,女,高收入,农村,个人主义,8,1,1,2,1,4
364,60,女,中等收入,城市,个人主义,5,1,3,1,2,5
365,58,女,低收入,城市,集体主义,5,4,4,5,4,2
366,43,男,低收入,城市,混合,6,2,1,3,4,1
367,42,男,高收入,农村,混合,4,3,4,2,4,1
368,45,男,中等收入,城市,集体主义,5,4,5,5,1,3
369,47,男,低收入,城市,个人主义,6,2,5,1,5,5
370,32,女,低收入,城市,个人主义,10,1,2,2,2,4
371,27,女,中等收入,农村,混合,4,2,2,5,5,1
372,25,男,低收入,农村,集体主义,5,4,1,2,4,3
373,27,男,高收入,城市,混合,9,5,5,1,4,5
374,22,女,中等收入,农村,混合,4,4,4,1,4,4
375,58,女,低收入,农村,个人主义,8,3,2,5,1,1
376,29,男,中等收入,农村,个人主义,4,2,5,1,1,5
377,33,男,中等收入,城市,个人主义,10,3,3,3,3,2
378,41,女,高收入,城市,个人主义,4,2,4,3,5,5
379,24,男,中等收入,城市,个人主义,6,3,1,4,2,2
380,48,女,低收入,农村,集体主义,9,3,3,5,1,5
381,20,女,低收入,农村,混合,7,2,3,2,1,3
382,51,女,低收入,城市,个人主义,5,1,5,4,2,1
383,26,女,低收入,城市,混合,10,4,1,3,1,2
384,19,男,低收入,城市,混合,7,5,5,4,2,4
385,30,男,中等收入,城市,混合,7,4,2,3,4,2
386,18,男,中等收入,城市,集体主义,6,4,4,2,5,3
387,41,男,高收入,农村,个人主义,5,1,5,1,4,5
388,24,女,低收入,城市,个人主义,4,2,1,2,1,1
389,67,男,高收入,城市,混合,3,5,4,2,3,2
390,62,男,低收入,城市,混合,7,5,2,3,5,5
391,52,女,中等收入,农村,个人主义,8,2,2,5,4,5
392,30,男,中等收入,城市,个人主义,3,2,4,5,3,3
393,24,男,高收入,城市,混合,2,3,4,5,5,3
394,54,女,中等收入,农村,个人主义,1,2,1,3,2,1
395,21,女,高收入,农村,集体主义,4,5,4,2,5,1
396,24,男,中等收入,城市,集体主义,10,4,5,2,2,3
397,19,女,低收入,城市,集体主义,8,4,4,4,4,2
398,25,男,高收入,农村,个人主义,4,2,4,3,2,1
399,24,男,中等收入,农村,混合,7,2,1,5,4,5
400,33,男,中等收入,农村,个人主义,5,1,4,3,3,2
401,69,女,中等收入,农村,混合,2,3,5,3,2,4
402,40,女,高收入,农村,个人主义,1,1,5,4,2,4
403,63,女,高收入,城市,混合,8,2,2,5,3,3
404,69,女,低收入,农村,个人主义,5,1,1,2,4,5
405,27,男,高收入,城市,个人主义,9,1,4,4,1,3
406,66,女,高收入,农村,个人主义,2,3,2,5,2,3
407,48,女,中等收入,城市,混合,6,2,5,4,4,5
408,50,女,低收入,城市,集体主义,3,4,2,1,5,2
409,52,男,高收入,农村,个人主义,6,3,4,3,1,2
410,37,女,低收入,城市,个人主义,10,2,5,4,1,2
411,45,男,低收入,农村,集体主义,3,5,5,4,4,2
412,35,女,高收入,农村,混合,4,4,3,5,5,4
413,35,女,高收入,农村,集体主义,2,3,5,5,5,2
414,42,女,低收入,农村,个人主义,1,1,2,2,5,1
415,33,女,中等收入,城市,混合,6,1,5,3,3,1
416,69,女,低收入,农村,个人主义,5,3,2,5,4,5
417,41,男,高收入,城市,混合,1,3,2,5,3,3
418,26,男,中等收入,城市,集体主义,4,3,5,1,5,1
419,51,男,高收入,农村,混合,7,2,4,5,4,1
420,61,男,中等收入,农村,集体主义,7,3,2,2,5,1
421,40,女,高收入,农村,个人主义,1,1,2,1,4,5
422,49,女,高收入,农村,集体主义,2,3,5,3,4,3
423,44,男,低收入,城市,个人主义,1,3,1,3,4,2
424,68,男,高收入,城市,混合,4,1,4,2,4,4
425,21,男,高收入,农村,集体主义,2,5,1,2,2,3
426,54,男,中等收入,农村,混合,4,3,5,3,3,2
427,53,男,中等收入,农村,混合,10,1,1,2,1,4
428,21,女,低收入,城市,集体主义,7,5,3,2,1,1
429,32,男,中等收入,城市,混合,10,1,2,2,2,1
430,41,女,低收入,农村,集体主义,4,5,4,4,5,3
431,48,女,高收入,城市,集体主义,8,4,4,3,3,4
432,18,男,低收入,城市,个人主义,5,3,5,4,5,1
433,59,女,中等收入,农村,混合,9,5,5,3,3,1
434,29,女,中等收入,城市,集体主义,1,4,2,4,5,4
435,48,男,高收入,农村,集体主义,7,3,3,4,2,2
436,38,男,高收入,城市,个人主义,6,3,3,4,3,1
437,47,男,高收入,城市,个人主义,5,2,4,1,1,4
438,51,男,中等收入,农村,集体主义,4,4,5,1,5,5
439,58,女,高收入,农村,个人主义,2,3,2,5,4,5
440,65,女,中等收入,城市,集体主义,10,5,2,5,5,3
441,54,女,中等收入,农村,个人主义,10,1,5,5,2,2
442,69,男,高收入,农村,个人主义,3,1,2,2,1,3
443,43,女,低收入,城市,个人主义,7,2,3,1,1,5
444,53,女,低收入,农村,个人主义,10,3,5,4,2,3
445,29,女,高收入,城市,混合,2,5,4,5,5,2
446,55,女,中等收入,城市,个人主义,1,2,2,2,1,2
447,35,女,低收入,城市,集体主义,4,3,3,3,1,2
448,47,男,高收入,城市,集体主义,4,4,2,4,1,3
449,59,男,低收入,城市,个人主义,8,2,1,1,4,5
450,49,男,高收入,农村,集体主义,8,5,2,4,1,1
451,29,女,高收入,农村,个人主义,10,2,5,4,5,3
452,38,男,高收入,农村,集体主义,10,3,1,3,2,3
453,58,女,中等收入,城市,个人主义,9,1,3,1,3,4
454,45,男,低收入,城市,集体主义,8,5,3,4,2,1
455,42,男,中等收入,城市,集体主义,5,3,2,4,5,2
456,27,男,低收入,农村,混合,3,1,1,2,1,4
457,54,女,中等收入,城市,混合,2,5,5,5,1,2
458,22,女,低收入,农村,集体主义,5,5,2,5,4,4
459,37,男,高收入,农村,个人主义,9,2,2,4,1,4
460,23,女,中等收入,城市,集体主义,7,5,3,4,1,5
461,29,男,高收入,农村,集体主义,7,5,1,3,3,1
462,62,女,高收入,城市,个人主义,6,1,2,2,5,2
463,63,女,中等收入,城市,个人主义,3,3,5,4,4,3
464,34,女,中等收入,农村,个人主义,10,2,2,1,1,1
465,61,男,中等收入,城市,集体主义,8,4,2,1,4,4
466,30,男,高收入,城市,混合,7,5,5,5,3,4
467,28,男,高收入,城市,个人主义,5,1,2,5,4,2
468,28,男,低收入,城市,个人主义,6,1,1,3,2,4
469,23,男,低收入,农村,个人主义,7,1,3,1,3,3
470,35,女,低收入,城市,混合,3,5,5,5,3,2
471,45,男,高收入,农村,个人主义,5,3,2,4,2,3
472,64,男,中等收入,城市,个人主义,7,1,1,3,3,4
473,46,女,中等收入,城市,集体主义,2,3,2,3,2,5
474,26,女,中等收入,农村,混合,4,1,4,5,1,2
475,64,女,高收入,农村,个人主义,2,3,5,3,3,3
476,25,男,高收入,农村,个人主义,4,2,3,3,5,1
477,20,男,高收入,农村,混合,7,5,1,5,2,1
478,58,女,低收入,农村,集体主义,1,4,2,3,2,3
479,36,女,高收入,农村,集体主义,2,4,5,3,1,2
480,49,男,高收入,城市,集体主义,9,4,5,1,2,2
481,66,女,低收入,城市,混合,5,4,1,5,3,1
482,59,女,高收入,农村,个人主义,3,1,1,5,5,2
483,68,男,低收入,城市,混合,10,2,2,5,3,2
484,26,女,中等收入,城市,个人主义,3,3,4,2,2,2
485,18,女,低收入,城市,个人主义,6,2,1,1,3,5
486,26,男,中等收入,城市,混合,8,2,3,5,4,4
487,69,女,高收入,农村,混合,1,1,3,4,5,2
488,51,女,中等收入,农村,个人主义,9,3,4,4,5,3
489,52,女,低收入,城市,混合,9,4,5,2,1,2
490,24,女,低收入,农村,个人主义,4,2,2,3,3,1
491,47,男,高收入,农村,集体主义,8,3,5,5,4,4
492,26,男,中等收入,农村,集体主义,3,4,2,1,3,5
493,61,男,中等收入,农村,集体主义,5,5,2,3,2,3
494,52,女,中等收入,城市,个人主义,1,1,2,4,3,4
495,23,女,低收入,农村,混合,9,4,3,1,2,1
496,24,男,高收入,城市,集体主义,5,5,2,1,1,4
497,25,男,低收入,农村,集体主义,2,4,2,4,4,1
498,47,女,中等收入,农村,集体主义,4,5,5,1,4,4
499,49,女,高收入,城市,个人主义,3,2,4,4,2,2
500,46,女,低收入,城市,集体主义,8,4,2,5,1,2
