participant_id,age,gender,education,scenario,scenario_type,decision,reaction_time,emotional_response,关爱/伤害,公平/欺骗,忠诚/背叛,权威/颠覆,圣洁/堕落
1,61,女,本科,1,个人道德困境,1,16.66,2,6,2,3,5,4
1,61,女,本科,2,职业伦理,3,7.17,5,6,2,3,5,4
1,61,女,本科,3,个人道德困境,6,29.01,4,6,2,3,5,4
1,61,女,本科,4,职业伦理,2,27.34,4,6,2,3,5,4
1,61,女,本科,5,数字伦理,3,29.42,4,6,2,3,5,4
2,44,女,硕士及以上,1,数字伦理,2,18.52,1,7,6,1,6,2
2,44,女,硕士及以上,2,数字伦理,6,7.28,4,7,6,1,6,2
2,44,女,硕士及以上,3,数字伦理,7,22.35,2,7,6,1,6,2
2,44,女,硕士及以上,4,社会道德困境,7,8.8,3,7,6,1,6,2
2,44,女,硕士及以上,5,环境伦理,7,16.6,4,7,6,1,6,2
3,37,男,硕士及以上,1,数字伦理,6,25.28,2,2,7,6,5,4
3,37,男,硕士及以上,2,社会道德困境,1,26.61,1,2,7,6,5,4
3,37,男,硕士及以上,3,环境伦理,4,1.9,2,2,7,6,5,4
3,37,男,硕士及以上,4,数字伦理,1,19.46,1,2,7,6,5,4
3,37,男,硕士及以上,5,个人道德困境,2,21.3,1,2,7,6,5,4
4,57,女,硕士及以上,1,环境伦理,5,24.16,5,4,7,2,3,1
4,57,女,硕士及以上,2,职业伦理,6,12.58,5,4,7,2,3,1
4,57,女,硕士及以上,3,环境伦理,2,27.09,5,4,7,2,3,1
4,57,女,硕士及以上,4,个人道德困境,7,1.45,1,4,7,2,3,1
4,57,女,硕士及以上,5,数字伦理,5,19.42,2,4,7,2,3,1
5,49,男,本科,1,个人道德困境,4,15.79,3,5,2,3,6,2
5,49,男,本科,2,数字伦理,7,10.73,3,5,2,3,6,2
5,49,男,本科,3,数字伦理,6,11.13,4,5,2,3,6,2
5,49,男,本科,4,数字伦理,1,10.82,5,5,2,3,6,2
5,49,男,本科,5,个人道德困境,2,3.02,2,5,2,3,6,2
6,54,女,高中及以下,1,职业伦理,1,15.1,1,2,1,2,5,5
6,54,女,高中及以下,2,环境伦理,2,4.94,1,2,1,2,5,5
6,54,女,高中及以下,3,环境伦理,3,19.06,1,2,1,2,5,5
6,54,女,高中及以下,4,社会道德困境,2,22.41,5,2,1,2,5,5
6,54,女,高中及以下,5,职业伦理,5,20.98,3,2,1,2,5,5
7,28,女,硕士及以上,1,数字伦理,5,5.26,5,6,3,2,4,1
7,28,女,硕士及以上,2,职业伦理,3,15.11,2,6,3,2,4,1
7,28,女,硕士及以上,3,环境伦理,5,3.16,5,6,3,2,4,1
7,28,女,硕士及以上,4,环境伦理,1,4.01,2,6,3,2,4,1
7,28,女,硕士及以上,5,环境伦理,2,19.67,3,6,3,2,4,1
8,19,女,硕士及以上,1,数字伦理,1,27.76,5,2,3,2,6,2
8,19,女,硕士及以上,2,职业伦理,6,11.59,4,2,3,2,6,2
8,19,女,硕士及以上,3,职业伦理,6,10.4,2,2,3,2,6,2
8,19,女,硕士及以上,4,职业伦理,5,7.26,2,2,3,2,6,2
8,19,女,硕士及以上,5,环境伦理,6,7.95,3,2,3,2,6,2
9,54,女,硕士及以上,1,职业伦理,6,10.17,3,2,2,3,2,3
9,54,女,硕士及以上,2,环境伦理,3,28.9,2,2,2,3,2,3
9,54,女,硕士及以上,3,职业伦理,2,24.42,3,2,2,3,2,3
9,54,女,硕士及以上,4,职业伦理,3,12.28,5,2,2,3,2,3
9,54,女,硕士及以上,5,个人道德困境,2,28.32,3,2,2,3,2,3
10,24,女,本科,1,职业伦理,7,17.13,1,7,3,5,2,3
10,24,女,本科,2,环境伦理,3,12.86,3,7,3,5,2,3
10,24,女,本科,3,社会道德困境,7,27.27,5,7,3,5,2,3
10,24,女,本科,4,个人道德困境,2,12.48,4,7,3,5,2,3
10,24,女,本科,5,社会道德困境,3,10.61,4,7,3,5,2,3
11,36,女,高中及以下,1,环境伦理,1,25.39,2,6,7,5,2,2
11,36,女,高中及以下,2,环境伦理,1,7.02,4,6,7,5,2,2
11,36,女,高中及以下,3,数字伦理,2,13.36,3,6,7,5,2,2
11,36,女,高中及以下,4,社会道德困境,2,4.41,4,6,7,5,2,2
11,36,女,高中及以下,5,环境伦理,4,23.57,3,6,7,5,2,2
12,19,男,硕士及以上,1,职业伦理,1,16.87,2,7,6,3,4,3
12,19,男,硕士及以上,2,数字伦理,3,21.53,4,7,6,3,4,3
12,19,男,硕士及以上,3,社会道德困境,4,12.7,4,7,6,3,4,3
12,19,男,硕士及以上,4,环境伦理,7,1.18,2,7,6,3,4,3
12,19,男,硕士及以上,5,环境伦理,1,15.38,5,7,6,3,4,3
13,59,女,本科,1,社会道德困境,4,21.23,5,1,6,6,6,3
13,59,女,本科,2,数字伦理,1,25.62,1,1,6,6,6,3
13,59,女,本科,3,个人道德困境,6,6.75,2,1,6,6,6,3
13,59,女,本科,4,环境伦理,5,2.53,5,1,6,6,6,3
13,59,女,本科,5,个人道德困境,4,15.7,2,1,6,6,6,3
14,58,男,硕士及以上,1,职业伦理,5,23.87,4,7,4,4,7,5
14,58,男,硕士及以上,2,个人道德困境,3,22.86,5,7,4,4,7,5
14,58,男,硕士及以上,3,环境伦理,2,28.36,4,7,4,4,7,5
14,58,男,硕士及以上,4,社会道德困境,1,19.7,3,7,4,4,7,5
14,58,男,硕士及以上,5,数字伦理,2,24.08,3,7,4,4,7,5
15,37,男,硕士及以上,1,环境伦理,2,22.66,2,6,6,6,7,5
15,37,男,硕士及以上,2,职业伦理,2,3.55,4,6,6,6,7,5
15,37,男,硕士及以上,3,社会道德困境,7,22.02,3,6,6,6,7,5
15,37,男,硕士及以上,4,个人道德困境,4,21.28,3,6,6,6,7,5
15,37,男,硕士及以上,5,职业伦理,7,16.73,3,6,6,6,7,5
16,35,女,高中及以下,1,个人道德困境,3,22.99,5,6,2,6,7,6
16,35,女,高中及以下,2,职业伦理,6,3.32,3,6,2,6,7,6
16,35,女,高中及以下,3,职业伦理,2,7.48,4,6,2,6,7,6
16,35,女,高中及以下,4,社会道德困境,2,3.73,1,6,2,6,7,6
16,35,女,高中及以下,5,职业伦理,7,13.16,1,6,2,6,7,6
17,59,男,本科,1,个人道德困境,2,25.96,1,4,4,1,1,5
17,59,男,本科,2,个人道德困境,3,28.59,1,4,4,1,1,5
17,59,男,本科,3,数字伦理,3,21.93,5,4,4,1,1,5
17,59,男,本科,4,个人道德困境,5,4.6,4,4,4,1,1,5
17,59,男,本科,5,社会道德困境,4,26.65,2,4,4,1,1,5
18,55,女,高中及以下,1,个人道德困境,1,8.64,2,1,3,2,6,6
18,55,女,高中及以下,2,数字伦理,4,19.87,5,1,3,2,6,6
18,55,女,高中及以下,3,职业伦理,4,24.94,4,1,3,2,6,6
18,55,女,高中及以下,4,环境伦理,6,24.31,4,1,3,2,6,6
18,55,女,高中及以下,5,社会道德困境,5,1.72,4,1,3,2,6,6
19,64,男,本科,1,环境伦理,4,4.79,3,7,3,1,3,1
19,64,男,本科,2,社会道德困境,1,2.99,1,7,3,1,3,1
19,64,男,本科,3,职业伦理,3,14.6,4,7,3,1,3,1
19,64,男,本科,4,职业伦理,5,17.06,3,7,3,1,3,1
19,64,男,本科,5,数字伦理,7,27.33,5,7,3,1,3,1
20,43,男,本科,1,数字伦理,2,6.41,1,7,6,3,7,7
20,43,男,本科,2,个人道德困境,6,11.1,4,7,6,3,7,7
20,43,男,本科,3,数字伦理,5,14.74,4,7,6,3,7,7
20,43,男,本科,4,数字伦理,6,26.75,5,7,6,3,7,7
20,43,男,本科,5,数字伦理,6,4.97,2,7,6,3,7,7
21,44,女,高中及以下,1,职业伦理,7,16.61,4,6,7,2,5,1
21,44,女,高中及以下,2,环境伦理,4,14.64,4,6,7,2,5,1
21,44,女,高中及以下,3,环境伦理,4,10.98,1,6,7,2,5,1
21,44,女,高中及以下,4,个人道德困境,4,19.89,2,6,7,2,5,1
21,44,女,高中及以下,5,环境伦理,4,25.52,2,6,7,2,5,1
22,24,男,高中及以下,1,社会道德困境,4,17.1,4,7,7,1,1,4
22,24,男,高中及以下,2,环境伦理,7,6.79,2,7,7,1,1,4
22,24,男,高中及以下,3,数字伦理,6,27.35,5,7,7,1,1,4
22,24,男,高中及以下,4,职业伦理,6,2.06,3,7,7,1,1,4
22,24,男,高中及以下,5,职业伦理,3,14.46,1,7,7,1,1,4
23,36,男,高中及以下,1,个人道德困境,1,28.82,5,2,5,6,5,1
23,36,男,高中及以下,2,数字伦理,4,5.49,3,2,5,6,5,1
23,36,男,高中及以下,3,个人道德困境,3,2.63,2,2,5,6,5,1
23,36,男,高中及以下,4,环境伦理,2,10.6,5,2,5,6,5,1
23,36,男,高中及以下,5,数字伦理,4,3.44,2,2,5,6,5,1
24,27,男,硕士及以上,1,环境伦理,3,22.48,4,2,7,4,7,7
24,27,男,硕士及以上,2,环境伦理,4,16.68,3,2,7,4,7,7
24,27,男,硕士及以上,3,个人道德困境,2,18.89,4,2,7,4,7,7
24,27,男,硕士及以上,4,数字伦理,5,27.24,5,2,7,4,7,7
24,27,男,硕士及以上,5,个人道德困境,6,11.67,1,2,7,4,7,7
25,27,男,硕士及以上,1,环境伦理,6,10.0,4,6,1,3,4,3
25,27,男,硕士及以上,2,个人道德困境,7,18.52,5,6,1,3,4,3
25,27,男,硕士及以上,3,职业伦理,3,8.96,5,6,1,3,4,3
25,27,男,硕士及以上,4,环境伦理,3,13.16,2,6,1,3,4,3
25,27,男,硕士及以上,5,环境伦理,6,22.35,3,6,1,3,4,3
26,61,男,硕士及以上,1,个人道德困境,2,25.34,2,4,6,5,3,6
26,61,男,硕士及以上,2,个人道德困境,3,28.14,4,4,6,5,3,6
26,61,男,硕士及以上,3,职业伦理,3,9.46,3,4,6,5,3,6
26,61,男,硕士及以上,4,数字伦理,5,6.56,5,4,6,5,3,6
26,61,男,硕士及以上,5,环境伦理,5,13.66,1,4,6,5,3,6
27,64,男,本科,1,个人道德困境,4,20.25,1,5,7,6,1,6
27,64,男,本科,2,环境伦理,7,18.78,5,5,7,6,1,6
27,64,男,本科,3,个人道德困境,5,7.48,3,5,7,6,1,6
27,64,男,本科,4,社会道德困境,5,9.81,5,5,7,6,1,6
27,64,男,本科,5,职业伦理,2,17.63,5,5,7,6,1,6
28,21,男,本科,1,社会道德困境,4,28.65,3,7,4,1,5,5
28,21,男,本科,2,数字伦理,6,25.12,1,7,4,1,5,5
28,21,男,本科,3,环境伦理,2,6.28,4,7,4,1,5,5
28,21,男,本科,4,数字伦理,2,3.67,1,7,4,1,5,5
28,21,男,本科,5,个人道德困境,3,13.67,1,7,4,1,5,5
29,33,女,硕士及以上,1,数字伦理,2,12.17,1,4,4,1,5,4
29,33,女,硕士及以上,2,个人道德困境,5,21.51,1,4,4,1,5,4
29,33,女,硕士及以上,3,职业伦理,3,26.98,5,4,4,1,5,4
29,33,女,硕士及以上,4,职业伦理,1,17.51,3,4,4,1,5,4
29,33,女,硕士及以上,5,数字伦理,6,2.38,1,4,4,1,5,4
30,53,女,硕士及以上,1,职业伦理,2,20.17,3,3,1,1,1,6
30,53,女,硕士及以上,2,环境伦理,2,23.21,2,3,1,1,1,6
30,53,女,硕士及以上,3,数字伦理,7,17.37,1,3,1,1,1,6
30,53,女,硕士及以上,4,数字伦理,6,15.74,1,3,1,1,1,6
30,53,女,硕士及以上,5,数字伦理,3,7.26,4,3,1,1,1,6
31,62,男,本科,1,社会道德困境,7,7.45,3,5,5,7,7,3
31,62,男,本科,2,职业伦理,1,25.03,4,5,5,7,7,3
31,62,男,本科,3,个人道德困境,1,20.93,5,5,5,7,7,3
31,62,男,本科,4,数字伦理,2,20.09,3,5,5,7,7,3
31,62,男,本科,5,社会道德困境,4,23.09,4,5,5,7,7,3
32,38,男,硕士及以上,1,社会道德困境,4,5.37,1,1,7,1,3,1
32,38,男,硕士及以上,2,社会道德困境,5,23.07,3,1,7,1,3,1
32,38,男,硕士及以上,3,个人道德困境,4,15.51,4,1,7,1,3,1
32,38,男,硕士及以上,4,社会道德困境,1,26.36,5,1,7,1,3,1
32,38,男,硕士及以上,5,个人道德困境,2,9.64,1,1,7,1,3,1
33,49,男,硕士及以上,1,职业伦理,6,11.48,1,7,5,6,4,2
33,49,男,硕士及以上,2,环境伦理,7,16.17,2,7,5,6,4,2
33,49,男,硕士及以上,3,职业伦理,5,28.47,4,7,5,6,4,2
33,49,男,硕士及以上,4,环境伦理,5,1.19,1,7,5,6,4,2
33,49,男,硕士及以上,5,社会道德困境,1,9.95,4,7,5,6,4,2
34,63,男,硕士及以上,1,数字伦理,7,25.25,2,2,1,5,7,2
34,63,男,硕士及以上,2,数字伦理,2,15.36,3,2,1,5,7,2
34,63,男,硕士及以上,3,个人道德困境,1,29.1,2,2,1,5,7,2
34,63,男,硕士及以上,4,职业伦理,4,19.91,3,2,1,5,7,2
34,63,男,硕士及以上,5,数字伦理,1,1.17,4,2,1,5,7,2
35,29,女,高中及以下,1,数字伦理,3,25.16,4,3,4,6,6,4
35,29,女,高中及以下,2,社会道德困境,7,17.15,1,3,4,6,6,4
35,29,女,高中及以下,3,数字伦理,1,20.83,4,3,4,6,6,4
35,29,女,高中及以下,4,环境伦理,2,29.28,5,3,4,6,6,4
35,29,女,高中及以下,5,社会道德困境,2,17.53,4,3,4,6,6,4
36,60,男,本科,1,个人道德困境,7,28.37,2,1,5,2,7,1
36,60,男,本科,2,社会道德困境,1,21.55,3,1,5,2,7,1
36,60,男,本科,3,社会道德困境,1,22.64,2,1,5,2,7,1
36,60,男,本科,4,职业伦理,2,11.42,2,1,5,2,7,1
36,60,男,本科,5,个人道德困境,1,20.53,3,1,5,2,7,1
37,48,男,硕士及以上,1,个人道德困境,6,13.41,1,3,6,1,6,4
37,48,男,硕士及以上,2,环境伦理,6,3.27,5,3,6,1,6,4
37,48,男,硕士及以上,3,环境伦理,2,17.93,2,3,6,1,6,4
37,48,男,硕士及以上,4,环境伦理,5,20.74,3,3,6,1,6,4
37,48,男,硕士及以上,5,环境伦理,2,21.13,3,3,6,1,6,4
38,49,女,本科,1,环境伦理,7,24.8,5,2,5,2,6,2
38,49,女,本科,2,环境伦理,6,14.76,4,2,5,2,6,2
38,49,女,本科,3,职业伦理,4,11.8,4,2,5,2,6,2
38,49,女,本科,4,职业伦理,2,24.32,1,2,5,2,6,2
38,49,女,本科,5,数字伦理,2,27.4,3,2,5,2,6,2
39,48,男,本科,1,环境伦理,4,21.27,5,4,6,2,6,4
39,48,男,本科,2,社会道德困境,2,16.67,4,4,6,2,6,4
39,48,男,本科,3,个人道德困境,2,7.17,5,4,6,2,6,4
39,48,男,本科,4,职业伦理,3,4.67,5,4,6,2,6,4
39,48,男,本科,5,环境伦理,3,29.0,1,4,6,2,6,4
40,41,女,高中及以下,1,环境伦理,2,4.86,5,6,7,1,7,2
40,41,女,高中及以下,2,个人道德困境,2,18.64,3,6,7,1,7,2
40,41,女,高中及以下,3,个人道德困境,1,27.65,3,6,7,1,7,2
40,41,女,高中及以下,4,社会道德困境,7,28.63,2,6,7,1,7,2
40,41,女,高中及以下,5,数字伦理,7,15.23,2,6,7,1,7,2
41,23,男,本科,1,社会道德困境,3,17.98,2,5,3,5,6,7
41,23,男,本科,2,环境伦理,5,11.14,2,5,3,5,6,7
41,23,男,本科,3,环境伦理,7,25.96,3,5,3,5,6,7
41,23,男,本科,4,职业伦理,7,28.5,3,5,3,5,6,7
41,23,男,本科,5,环境伦理,1,27.29,3,5,3,5,6,7
42,32,女,高中及以下,1,职业伦理,6,11.05,4,2,3,7,1,3
42,32,女,高中及以下,2,职业伦理,2,16.12,3,2,3,7,1,3
42,32,女,高中及以下,3,数字伦理,2,21.98,4,2,3,7,1,3
42,32,女,高中及以下,4,数字伦理,4,25.34,4,2,3,7,1,3
42,32,女,高中及以下,5,个人道德困境,1,16.78,4,2,3,7,1,3
43,31,男,高中及以下,1,数字伦理,4,24.32,2,5,6,2,4,2
43,31,男,高中及以下,2,个人道德困境,6,17.21,2,5,6,2,4,2
43,31,男,高中及以下,3,环境伦理,3,24.2,4,5,6,2,4,2
43,31,男,高中及以下,4,社会道德困境,2,15.35,3,5,6,2,4,2
43,31,男,高中及以下,5,环境伦理,1,6.16,1,5,6,2,4,2
44,52,女,硕士及以上,1,数字伦理,7,3.54,5,2,5,7,1,6
44,52,女,硕士及以上,2,社会道德困境,7,29.94,1,2,5,7,1,6
44,52,女,硕士及以上,3,环境伦理,6,23.34,1,2,5,7,1,6
44,52,女,硕士及以上,4,个人道德困境,2,14.26,3,2,5,7,1,6
44,52,女,硕士及以上,5,职业伦理,1,8.78,2,2,5,7,1,6
45,43,男,硕士及以上,1,环境伦理,7,20.47,3,6,4,6,4,3
45,43,男,硕士及以上,2,个人道德困境,4,13.31,5,6,4,6,4,3
45,43,男,硕士及以上,3,数字伦理,4,25.54,4,6,4,6,4,3
45,43,男,硕士及以上,4,数字伦理,1,28.65,1,6,4,6,4,3
45,43,男,硕士及以上,5,个人道德困境,6,18.87,4,6,4,6,4,3
46,53,女,本科,1,数字伦理,3,28.2,2,1,2,5,5,3
46,53,女,本科,2,数字伦理,3,25.47,5,1,2,5,5,3
46,53,女,本科,3,社会道德困境,1,5.7,5,1,2,5,5,3
46,53,女,本科,4,社会道德困境,2,17.08,3,1,2,5,5,3
46,53,女,本科,5,职业伦理,7,16.17,1,1,2,5,5,3
47,56,女,高中及以下,1,数字伦理,1,2.14,1,2,4,5,1,4
47,56,女,高中及以下,2,职业伦理,2,2.23,5,2,4,5,1,4
47,56,女,高中及以下,3,数字伦理,6,25.16,2,2,4,5,1,4
47,56,女,高中及以下,4,社会道德困境,3,3.57,4,2,4,5,1,4
47,56,女,高中及以下,5,职业伦理,1,7.61,5,2,4,5,1,4
48,36,女,硕士及以上,1,职业伦理,2,5.62,1,1,3,2,1,5
48,36,女,硕士及以上,2,职业伦理,5,19.82,2,1,3,2,1,5
48,36,女,硕士及以上,3,职业伦理,5,19.97,5,1,3,2,1,5
48,36,女,硕士及以上,4,个人道德困境,4,13.65,3,1,3,2,1,5
48,36,女,硕士及以上,5,职业伦理,5,23.84,2,1,3,2,1,5
49,47,男,高中及以下,1,职业伦理,7,25.03,2,7,2,6,5,5
49,47,男,高中及以下,2,个人道德困境,5,23.99,3,7,2,6,5,5
49,47,男,高中及以下,3,社会道德困境,1,26.52,4,7,2,6,5,5
49,47,男,高中及以下,4,职业伦理,3,26.68,4,7,2,6,5,5
49,47,男,高中及以下,5,环境伦理,5,4.52,4,7,2,6,5,5
50,42,男,本科,1,个人道德困境,4,14.26,1,1,6,7,4,6
50,42,男,本科,2,职业伦理,6,13.9,4,1,6,7,4,6
50,42,男,本科,3,数字伦理,7,25.86,4,1,6,7,4,6
50,42,男,本科,4,环境伦理,1,28.45,2,1,6,7,4,6
50,42,男,本科,5,社会道德困境,5,21.09,1,1,6,7,4,6
51,64,男,高中及以下,1,职业伦理,6,15.13,5,5,3,5,7,5
51,64,男,高中及以下,2,社会道德困境,3,27.13,1,5,3,5,7,5
51,64,男,高中及以下,3,个人道德困境,6,27.73,3,5,3,5,7,5
51,64,男,高中及以下,4,社会道德困境,2,9.44,5,5,3,5,7,5
51,64,男,高中及以下,5,职业伦理,3,19.86,1,5,3,5,7,5
52,20,男,高中及以下,1,社会道德困境,7,20.07,3,4,7,7,6,2
52,20,男,高中及以下,2,社会道德困境,7,11.39,4,4,7,7,6,2
52,20,男,高中及以下,3,数字伦理,1,29.19,3,4,7,7,6,2
52,20,男,高中及以下,4,社会道德困境,4,12.7,1,4,7,7,6,2
52,20,男,高中及以下,5,数字伦理,2,4.83,2,4,7,7,6,2
53,43,女,硕士及以上,1,个人道德困境,6,23.05,1,4,3,5,3,2
53,43,女,硕士及以上,2,个人道德困境,3,2.82,3,4,3,5,3,2
53,43,女,硕士及以上,3,个人道德困境,2,27.17,1,4,3,5,3,2
53,43,女,硕士及以上,4,职业伦理,1,8.97,4,4,3,5,3,2
53,43,女,硕士及以上,5,个人道德困境,4,4.97,4,4,3,5,3,2
54,62,女,硕士及以上,1,个人道德困境,6,18.41,2,1,4,3,6,6
54,62,女,硕士及以上,2,个人道德困境,7,4.12,4,1,4,3,6,6
54,62,女,硕士及以上,3,环境伦理,2,2.61,5,1,4,3,6,6
54,62,女,硕士及以上,4,职业伦理,1,20.09,5,1,4,3,6,6
54,62,女,硕士及以上,5,数字伦理,2,20.9,1,1,4,3,6,6
55,32,男,硕士及以上,1,职业伦理,2,22.12,3,4,3,5,3,1
55,32,男,硕士及以上,2,数字伦理,2,21.23,4,4,3,5,3,1
55,32,男,硕士及以上,3,环境伦理,7,6.82,2,4,3,5,3,1
55,32,男,硕士及以上,4,社会道德困境,7,28.29,5,4,3,5,3,1
55,32,男,硕士及以上,5,数字伦理,1,15.16,1,4,3,5,3,1
56,53,男,硕士及以上,1,职业伦理,1,19.39,4,6,2,3,6,4
56,53,男,硕士及以上,2,职业伦理,7,26.83,4,6,2,3,6,4
56,53,男,硕士及以上,3,职业伦理,3,29.84,4,6,2,3,6,4
56,53,男,硕士及以上,4,社会道德困境,4,16.49,1,6,2,3,6,4
56,53,男,硕士及以上,5,社会道德困境,6,6.88,3,6,2,3,6,4
57,47,女,硕士及以上,1,职业伦理,3,15.95,1,7,2,3,5,6
57,47,女,硕士及以上,2,职业伦理,1,9.07,5,7,2,3,5,6
57,47,女,硕士及以上,3,环境伦理,5,19.41,4,7,2,3,5,6
57,47,女,硕士及以上,4,环境伦理,6,26.16,2,7,2,3,5,6
57,47,女,硕士及以上,5,环境伦理,6,23.1,2,7,2,3,5,6
58,31,女,硕士及以上,1,数字伦理,4,1.36,2,3,4,6,2,3
58,31,女,硕士及以上,2,环境伦理,1,26.14,2,3,4,6,2,3
58,31,女,硕士及以上,3,数字伦理,5,24.95,3,3,4,6,2,3
58,31,女,硕士及以上,4,职业伦理,6,11.22,5,3,4,6,2,3
58,31,女,硕士及以上,5,职业伦理,3,13.53,2,3,4,6,2,3
59,47,男,硕士及以上,1,个人道德困境,1,25.38,5,1,2,2,1,3
59,47,男,硕士及以上,2,职业伦理,7,21.48,2,1,2,2,1,3
59,47,男,硕士及以上,3,数字伦理,2,5.09,1,1,2,2,1,3
59,47,男,硕士及以上,4,职业伦理,3,25.57,4,1,2,2,1,3
59,47,男,硕士及以上,5,个人道德困境,2,22.65,2,1,2,2,1,3
60,57,女,高中及以下,1,职业伦理,2,15.45,3,2,4,7,3,3
60,57,女,高中及以下,2,环境伦理,1,26.1,1,2,4,7,3,3
60,57,女,高中及以下,3,数字伦理,3,8.72,1,2,4,7,3,3
60,57,女,高中及以下,4,个人道德困境,1,4.76,2,2,4,7,3,3
60,57,女,高中及以下,5,职业伦理,7,5.33,4,2,4,7,3,3
61,32,女,本科,1,环境伦理,6,11.05,1,2,4,2,5,5
61,32,女,本科,2,环境伦理,2,15.73,4,2,4,2,5,5
61,32,女,本科,3,个人道德困境,2,7.56,2,2,4,2,5,5
61,32,女,本科,4,环境伦理,5,4.48,2,2,4,2,5,5
61,32,女,本科,5,环境伦理,3,9.47,1,2,4,2,5,5
62,25,男,高中及以下,1,数字伦理,3,25.1,1,7,3,4,5,2
62,25,男,高中及以下,2,数字伦理,7,21.23,3,7,3,4,5,2
62,25,男,高中及以下,3,个人道德困境,2,16.19,1,7,3,4,5,2
62,25,男,高中及以下,4,数字伦理,4,3.95,5,7,3,4,5,2
62,25,男,高中及以下,5,数字伦理,4,11.19,1,7,3,4,5,2
63,29,男,本科,1,数字伦理,2,1.55,5,7,7,7,1,4
63,29,男,本科,2,职业伦理,3,27.5,1,7,7,7,1,4
63,29,男,本科,3,职业伦理,4,9.34,3,7,7,7,1,4
63,29,男,本科,4,环境伦理,3,26.41,2,7,7,7,1,4
63,29,男,本科,5,环境伦理,3,10.61,1,7,7,7,1,4
64,59,男,本科,1,个人道德困境,4,4.37,5,6,4,7,1,6
64,59,男,本科,2,数字伦理,7,2.14,4,6,4,7,1,6
64,59,男,本科,3,个人道德困境,2,1.45,3,6,4,7,1,6
64,59,男,本科,4,环境伦理,7,16.47,1,6,4,7,1,6
64,59,男,本科,5,环境伦理,1,12.86,2,6,4,7,1,6
65,55,女,本科,1,职业伦理,7,28.85,2,7,4,5,2,6
65,55,女,本科,2,数字伦理,7,4.77,5,7,4,5,2,6
65,55,女,本科,3,数字伦理,1,1.87,2,7,4,5,2,6
65,55,女,本科,4,职业伦理,7,13.99,3,7,4,5,2,6
65,55,女,本科,5,社会道德困境,2,9.18,2,7,4,5,2,6
66,18,女,高中及以下,1,环境伦理,3,10.03,3,1,7,3,6,1
66,18,女,高中及以下,2,环境伦理,3,5.4,2,1,7,3,6,1
66,18,女,高中及以下,3,数字伦理,7,19.6,5,1,7,3,6,1
66,18,女,高中及以下,4,社会道德困境,2,26.3,4,1,7,3,6,1
66,18,女,高中及以下,5,环境伦理,4,6.6,3,1,7,3,6,1
67,42,男,本科,1,数字伦理,2,9.97,3,4,4,1,3,1
67,42,男,本科,2,个人道德困境,5,29.29,1,4,4,1,3,1
67,42,男,本科,3,环境伦理,1,26.09,5,4,4,1,3,1
67,42,男,本科,4,职业伦理,3,15.22,1,4,4,1,3,1
67,42,男,本科,5,环境伦理,1,27.76,2,4,4,1,3,1
68,34,男,本科,1,个人道德困境,6,5.68,2,3,3,7,7,3
68,34,男,本科,2,社会道德困境,5,16.35,5,3,3,7,7,3
68,34,男,本科,3,职业伦理,4,5.09,2,3,3,7,7,3
68,34,男,本科,4,个人道德困境,2,21.56,4,3,3,7,7,3
68,34,男,本科,5,职业伦理,6,13.32,4,3,3,7,7,3
69,40,男,高中及以下,1,职业伦理,1,4.41,3,5,2,7,5,5
69,40,男,高中及以下,2,个人道德困境,2,15.43,5,5,2,7,5,5
69,40,男,高中及以下,3,环境伦理,5,5.51,5,5,2,7,5,5
69,40,男,高中及以下,4,社会道德困境,5,9.41,4,5,2,7,5,5
69,40,男,高中及以下,5,环境伦理,7,17.14,2,5,2,7,5,5
70,22,女,本科,1,环境伦理,3,28.62,2,6,6,5,6,4
70,22,女,本科,2,数字伦理,1,27.8,5,6,6,5,6,4
70,22,女,本科,3,环境伦理,6,28.61,3,6,6,5,6,4
70,22,女,本科,4,职业伦理,1,25.42,1,6,6,5,6,4
70,22,女,本科,5,数字伦理,5,7.01,4,6,6,5,6,4
71,35,男,高中及以下,1,职业伦理,4,2.25,1,3,6,7,7,3
71,35,男,高中及以下,2,社会道德困境,5,11.73,5,3,6,7,7,3
71,35,男,高中及以下,3,环境伦理,1,16.67,3,3,6,7,7,3
71,35,男,高中及以下,4,环境伦理,7,21.2,5,3,6,7,7,3
71,35,男,高中及以下,5,数字伦理,5,11.16,3,3,6,7,7,3
72,30,男,本科,1,职业伦理,1,5.08,2,5,6,2,5,5
72,30,男,本科,2,数字伦理,3,17.89,3,5,6,2,5,5
72,30,男,本科,3,社会道德困境,5,6.75,2,5,6,2,5,5
72,30,男,本科,4,个人道德困境,1,26.47,5,5,6,2,5,5
72,30,男,本科,5,个人道德困境,4,22.2,1,5,6,2,5,5
73,48,男,硕士及以上,1,数字伦理,1,10.37,1,2,1,1,7,3
73,48,男,硕士及以上,2,环境伦理,7,21.42,5,2,1,1,7,3
73,48,男,硕士及以上,3,职业伦理,4,19.68,3,2,1,1,7,3
73,48,男,硕士及以上,4,个人道德困境,4,7.8,1,2,1,1,7,3
73,48,男,硕士及以上,5,数字伦理,6,17.83,5,2,1,1,7,3
74,62,女,高中及以下,1,个人道德困境,2,23.67,5,2,6,5,6,4
74,62,女,高中及以下,2,职业伦理,1,27.07,1,2,6,5,6,4
74,62,女,高中及以下,3,个人道德困境,2,29.51,2,2,6,5,6,4
74,62,女,高中及以下,4,环境伦理,1,24.16,2,2,6,5,6,4
74,62,女,高中及以下,5,职业伦理,4,11.58,5,2,6,5,6,4
75,55,女,本科,1,职业伦理,1,24.66,5,1,1,5,7,1
75,55,女,本科,2,职业伦理,5,18.53,1,1,1,5,7,1
75,55,女,本科,3,社会道德困境,3,25.85,3,1,1,5,7,1
75,55,女,本科,4,个人道德困境,6,6.41,2,1,1,5,7,1
75,55,女,本科,5,社会道德困境,3,20.5,3,1,1,5,7,1
76,25,女,本科,1,职业伦理,4,27.5,5,4,4,3,4,6
76,25,女,本科,2,环境伦理,4,7.58,3,4,4,3,4,6
76,25,女,本科,3,职业伦理,6,2.39,5,4,4,3,4,6
76,25,女,本科,4,个人道德困境,3,12.57,1,4,4,3,4,6
76,25,女,本科,5,职业伦理,4,10.3,1,4,4,3,4,6
77,64,男,本科,1,职业伦理,5,26.25,2,3,7,2,4,3
77,64,男,本科,2,社会道德困境,3,29.53,2,3,7,2,4,3
77,64,男,本科,3,社会道德困境,6,3.6,4,3,7,2,4,3
77,64,男,本科,4,职业伦理,6,9.69,1,3,7,2,4,3
77,64,男,本科,5,环境伦理,3,1.12,3,3,7,2,4,3
78,30,男,硕士及以上,1,环境伦理,1,25.55,1,6,4,6,5,1
78,30,男,硕士及以上,2,数字伦理,2,23.17,4,6,4,6,5,1
78,30,男,硕士及以上,3,职业伦理,4,4.65,5,6,4,6,5,1
78,30,男,硕士及以上,4,社会道德困境,3,5.46,1,6,4,6,5,1
78,30,男,硕士及以上,5,个人道德困境,7,14.66,3,6,4,6,5,1
79,19,女,高中及以下,1,数字伦理,4,21.53,3,6,5,5,2,6
79,19,女,高中及以下,2,社会道德困境,4,12.36,5,6,5,5,2,6
79,19,女,高中及以下,3,个人道德困境,3,2.34,5,6,5,5,2,6
79,19,女,高中及以下,4,职业伦理,5,18.35,1,6,5,5,2,6
79,19,女,高中及以下,5,环境伦理,7,21.92,4,6,5,5,2,6
80,60,女,高中及以下,1,数字伦理,5,9.12,1,7,5,5,6,1
80,60,女,高中及以下,2,社会道德困境,5,10.39,5,7,5,5,6,1
80,60,女,高中及以下,3,个人道德困境,3,2.77,1,7,5,5,6,1
80,60,女,高中及以下,4,社会道德困境,3,25.04,4,7,5,5,6,1
80,60,女,高中及以下,5,社会道德困境,6,21.66,3,7,5,5,6,1
81,35,男,高中及以下,1,个人道德困境,7,24.32,1,6,7,5,3,7
81,35,男,高中及以下,2,数字伦理,7,14.97,1,6,7,5,3,7
81,35,男,高中及以下,3,数字伦理,4,24.97,4,6,7,5,3,7
81,35,男,高中及以下,4,个人道德困境,1,4.12,5,6,7,5,3,7
81,35,男,高中及以下,5,社会道德困境,6,22.99,5,6,7,5,3,7
82,31,男,本科,1,个人道德困境,7,29.7,1,2,2,2,6,5
82,31,男,本科,2,数字伦理,1,19.02,2,2,2,2,6,5
82,31,男,本科,3,职业伦理,6,26.27,4,2,2,2,6,5
82,31,男,本科,4,环境伦理,1,12.39,4,2,2,2,6,5
82,31,男,本科,5,职业伦理,7,5.19,2,2,2,2,6,5
83,58,男,本科,1,环境伦理,5,10.28,2,2,4,2,7,5
83,58,男,本科,2,职业伦理,3,14.35,5,2,4,2,7,5
83,58,男,本科,3,职业伦理,3,15.23,5,2,4,2,7,5
83,58,男,本科,4,环境伦理,7,19.47,1,2,4,2,7,5
83,58,男,本科,5,社会道德困境,6,10.28,1,2,4,2,7,5
84,61,男,硕士及以上,1,数字伦理,7,21.08,5,5,6,2,3,7
84,61,男,硕士及以上,2,数字伦理,5,16.1,5,5,6,2,3,7
84,61,男,硕士及以上,3,数字伦理,6,21.01,3,5,6,2,3,7
84,61,男,硕士及以上,4,职业伦理,1,12.08,4,5,6,2,3,7
84,61,男,硕士及以上,5,职业伦理,6,10.19,2,5,6,2,3,7
85,62,男,本科,1,职业伦理,3,9.16,4,1,3,5,2,1
85,62,男,本科,2,环境伦理,2,4.56,5,1,3,5,2,1
85,62,男,本科,3,数字伦理,5,4.14,3,1,3,5,2,1
85,62,男,本科,4,数字伦理,1,14.54,1,1,3,5,2,1
85,62,男,本科,5,社会道德困境,7,8.34,1,1,3,5,2,1
86,36,女,高中及以下,1,社会道德困境,1,15.34,3,2,5,2,6,2
86,36,女,高中及以下,2,环境伦理,5,8.55,2,2,5,2,6,2
86,36,女,高中及以下,3,数字伦理,1,19.13,5,2,5,2,6,2
86,36,女,高中及以下,4,个人道德困境,5,2.05,3,2,5,2,6,2
86,36,女,高中及以下,5,数字伦理,4,6.34,1,2,5,2,6,2
87,28,女,硕士及以上,1,个人道德困境,6,18.37,5,1,4,4,7,6
87,28,女,硕士及以上,2,数字伦理,1,19.02,3,1,4,4,7,6
87,28,女,硕士及以上,3,社会道德困境,2,3.71,5,1,4,4,7,6
87,28,女,硕士及以上,4,数字伦理,2,29.84,4,1,4,4,7,6
87,28,女,硕士及以上,5,职业伦理,7,29.7,4,1,4,4,7,6
88,51,女,高中及以下,1,社会道德困境,1,6.8,4,3,7,1,1,2
88,51,女,高中及以下,2,环境伦理,6,5.41,2,3,7,1,1,2
88,51,女,高中及以下,3,社会道德困境,1,4.03,3,3,7,1,1,2
88,51,女,高中及以下,4,环境伦理,7,22.8,5,3,7,1,1,2
88,51,女,高中及以下,5,数字伦理,4,24.37,2,3,7,1,1,2
89,37,男,高中及以下,1,环境伦理,1,8.64,4,5,1,3,3,2
89,37,男,高中及以下,2,职业伦理,3,17.39,2,5,1,3,3,2
89,37,男,高中及以下,3,个人道德困境,4,1.28,3,5,1,3,3,2
89,37,男,高中及以下,4,数字伦理,5,26.76,5,5,1,3,3,2
89,37,男,高中及以下,5,职业伦理,6,7.29,5,5,1,3,3,2
90,54,男,硕士及以上,1,个人道德困境,4,5.77,1,7,4,4,7,2
90,54,男,硕士及以上,2,职业伦理,2,15.4,3,7,4,4,7,2
90,54,男,硕士及以上,3,环境伦理,7,9.01,4,7,4,4,7,2
90,54,男,硕士及以上,4,数字伦理,6,27.08,4,7,4,4,7,2
90,54,男,硕士及以上,5,个人道德困境,2,19.78,5,7,4,4,7,2
91,18,男,高中及以下,1,社会道德困境,3,14.04,5,6,7,6,5,5
91,18,男,高中及以下,2,社会道德困境,6,5.34,5,6,7,6,5,5
91,18,男,高中及以下,3,个人道德困境,4,22.04,3,6,7,6,5,5
91,18,男,高中及以下,4,个人道德困境,6,10.02,4,6,7,6,5,5
91,18,男,高中及以下,5,环境伦理,6,28.71,1,6,7,6,5,5
92,25,男,高中及以下,1,职业伦理,7,13.69,1,2,2,6,1,3
92,25,男,高中及以下,2,数字伦理,1,21.14,2,2,2,6,1,3
92,25,男,高中及以下,3,职业伦理,3,14.45,3,2,2,6,1,3
92,25,男,高中及以下,4,环境伦理,1,13.71,2,2,2,6,1,3
92,25,男,高中及以下,5,个人道德困境,4,8.9,4,2,2,6,1,3
93,59,女,本科,1,环境伦理,3,19.24,5,7,6,2,6,2
93,59,女,本科,2,数字伦理,4,17.08,4,7,6,2,6,2
93,59,女,本科,3,个人道德困境,2,11.84,1,7,6,2,6,2
93,59,女,本科,4,个人道德困境,2,1.47,5,7,6,2,6,2
93,59,女,本科,5,环境伦理,7,16.23,3,7,6,2,6,2
94,54,女,高中及以下,1,职业伦理,1,8.33,3,6,2,7,7,5
94,54,女,高中及以下,2,数字伦理,4,2.16,2,6,2,7,7,5
94,54,女,高中及以下,3,社会道德困境,1,15.48,5,6,2,7,7,5
94,54,女,高中及以下,4,环境伦理,4,17.39,1,6,2,7,7,5
94,54,女,高中及以下,5,环境伦理,4,8.87,4,6,2,7,7,5
95,27,女,硕士及以上,1,数字伦理,3,20.92,5,7,1,4,3,2
95,27,女,硕士及以上,2,环境伦理,5,26.17,5,7,1,4,3,2
95,27,女,硕士及以上,3,社会道德困境,2,9.49,5,7,1,4,3,2
95,27,女,硕士及以上,4,社会道德困境,5,21.11,3,7,1,4,3,2
95,27,女,硕士及以上,5,职业伦理,6,2.84,4,7,1,4,3,2
96,58,男,本科,1,个人道德困境,6,13.74,5,5,1,7,7,7
96,58,男,本科,2,社会道德困境,1,18.52,5,5,1,7,7,7
96,58,男,本科,3,环境伦理,6,16.36,4,5,1,7,7,7
96,58,男,本科,4,社会道德困境,3,6.65,1,5,1,7,7,7
96,58,男,本科,5,个人道德困境,2,7.79,3,5,1,7,7,7
97,44,男,高中及以下,1,环境伦理,3,21.78,2,6,1,3,5,2
97,44,男,高中及以下,2,环境伦理,2,5.49,3,6,1,3,5,2
97,44,男,高中及以下,3,数字伦理,3,20.74,1,6,1,3,5,2
97,44,男,高中及以下,4,个人道德困境,3,1.62,2,6,1,3,5,2
97,44,男,高中及以下,5,个人道德困境,6,7.18,2,6,1,3,5,2
98,64,女,本科,1,环境伦理,5,15.29,1,1,7,4,1,2
98,64,女,本科,2,职业伦理,7,16.34,2,1,7,4,1,2
98,64,女,本科,3,环境伦理,5,5.65,2,1,7,4,1,2
98,64,女,本科,4,职业伦理,7,13.78,3,1,7,4,1,2
98,64,女,本科,5,职业伦理,7,26.01,1,1,7,4,1,2
99,41,女,硕士及以上,1,数字伦理,1,22.27,5,1,3,3,1,2
99,41,女,硕士及以上,2,数字伦理,3,9.16,5,1,3,3,1,2
99,41,女,硕士及以上,3,数字伦理,5,2.25,5,1,3,3,1,2
99,41,女,硕士及以上,4,环境伦理,2,6.71,1,1,3,3,1,2
99,41,女,硕士及以上,5,环境伦理,5,10.57,1,1,3,3,1,2
100,57,男,本科,1,个人道德困境,1,27.95,4,5,1,3,6,1
100,57,男,本科,2,个人道德困境,5,19.87,3,5,1,3,6,1
100,57,男,本科,3,环境伦理,7,14.13,1,5,1,3,6,1
100,57,男,本科,4,数字伦理,1,4.12,5,5,1,3,6,1
100,57,男,本科,5,个人道德困境,4,28.83,5,5,1,3,6,1
101,64,男,硕士及以上,1,个人道德困境,1,19.23,1,7,2,1,5,4
101,64,男,硕士及以上,2,个人道德困境,5,28.66,4,7,2,1,5,4
101,64,男,硕士及以上,3,数字伦理,7,1.85,5,7,2,1,5,4
101,64,男,硕士及以上,4,个人道德困境,4,2.63,1,7,2,1,5,4
101,64,男,硕士及以上,5,社会道德困境,7,25.02,3,7,2,1,5,4
102,20,女,高中及以下,1,职业伦理,4,26.18,5,6,5,4,4,3
102,20,女,高中及以下,2,环境伦理,2,25.87,2,6,5,4,4,3
102,20,女,高中及以下,3,职业伦理,2,14.23,4,6,5,4,4,3
102,20,女,高中及以下,4,环境伦理,7,10.16,1,6,5,4,4,3
102,20,女,高中及以下,5,社会道德困境,7,11.14,5,6,5,4,4,3
103,35,男,本科,1,数字伦理,4,5.44,5,6,7,6,3,3
103,35,男,本科,2,职业伦理,5,21.48,1,6,7,6,3,3
103,35,男,本科,3,职业伦理,5,17.96,2,6,7,6,3,3
103,35,男,本科,4,社会道德困境,4,22.69,3,6,7,6,3,3
103,35,男,本科,5,环境伦理,7,9.38,5,6,7,6,3,3
104,24,男,本科,1,职业伦理,6,19.46,1,2,1,1,2,4
104,24,男,本科,2,数字伦理,7,12.97,2,2,1,1,2,4
104,24,男,本科,3,职业伦理,2,8.11,5,2,1,1,2,4
104,24,男,本科,4,社会道德困境,2,9.49,2,2,1,1,2,4
104,24,男,本科,5,个人道德困境,6,1.12,3,2,1,1,2,4
105,49,男,本科,1,社会道德困境,4,10.09,5,1,5,7,2,6
105,49,男,本科,2,社会道德困境,6,28.92,5,1,5,7,2,6
105,49,男,本科,3,职业伦理,3,9.8,1,1,5,7,2,6
105,49,男,本科,4,环境伦理,5,29.07,4,1,5,7,2,6
105,49,男,本科,5,数字伦理,1,16.44,1,1,5,7,2,6
106,19,男,本科,1,职业伦理,5,12.52,1,3,6,6,6,4
106,19,男,本科,2,社会道德困境,7,19.05,1,3,6,6,6,4
106,19,男,本科,3,数字伦理,6,2.37,1,3,6,6,6,4
106,19,男,本科,4,职业伦理,4,20.8,3,3,6,6,6,4
106,19,男,本科,5,社会道德困境,7,3.18,4,3,6,6,6,4
107,60,男,硕士及以上,1,环境伦理,5,21.21,4,4,2,4,6,3
107,60,男,硕士及以上,2,社会道德困境,4,27.95,4,4,2,4,6,3
107,60,男,硕士及以上,3,社会道德困境,2,1.22,4,4,2,4,6,3
107,60,男,硕士及以上,4,环境伦理,3,16.81,4,4,2,4,6,3
107,60,男,硕士及以上,5,个人道德困境,6,14.17,5,4,2,4,6,3
108,51,女,本科,1,环境伦理,6,15.52,4,1,1,6,1,6
108,51,女,本科,2,数字伦理,7,14.3,5,1,1,6,1,6
108,51,女,本科,3,环境伦理,3,27.29,5,1,1,6,1,6
108,51,女,本科,4,社会道德困境,6,8.24,4,1,1,6,1,6
108,51,女,本科,5,环境伦理,7,15.47,2,1,1,6,1,6
109,50,男,硕士及以上,1,个人道德困境,5,9.68,5,7,7,6,2,5
109,50,男,硕士及以上,2,社会道德困境,5,23.39,1,7,7,6,2,5
109,50,男,硕士及以上,3,职业伦理,6,1.23,5,7,7,6,2,5
109,50,男,硕士及以上,4,数字伦理,4,15.31,2,7,7,6,2,5
109,50,男,硕士及以上,5,环境伦理,4,10.98,5,7,7,6,2,5
110,60,女,本科,1,职业伦理,4,4.91,2,2,5,2,4,1
110,60,女,本科,2,环境伦理,6,8.01,3,2,5,2,4,1
110,60,女,本科,3,职业伦理,1,18.75,2,2,5,2,4,1
110,60,女,本科,4,环境伦理,5,25.77,3,2,5,2,4,1
110,60,女,本科,5,数字伦理,2,11.95,4,2,5,2,4,1
111,31,男,高中及以下,1,数字伦理,5,18.32,1,7,5,3,6,5
111,31,男,高中及以下,2,职业伦理,1,27.51,3,7,5,3,6,5
111,31,男,高中及以下,3,社会道德困境,1,9.9,5,7,5,3,6,5
111,31,男,高中及以下,4,个人道德困境,5,13.74,3,7,5,3,6,5
111,31,男,高中及以下,5,数字伦理,7,27.72,1,7,5,3,6,5
112,20,女,本科,1,社会道德困境,3,8.34,5,1,6,7,6,6
112,20,女,本科,2,职业伦理,3,28.32,1,1,6,7,6,6
112,20,女,本科,3,个人道德困境,3,2.88,3,1,6,7,6,6
112,20,女,本科,4,个人道德困境,7,4.06,3,1,6,7,6,6
112,20,女,本科,5,个人道德困境,2,11.25,3,1,6,7,6,6
113,42,女,高中及以下,1,环境伦理,6,20.29,4,1,3,6,1,1
113,42,女,高中及以下,2,社会道德困境,7,9.21,4,1,3,6,1,1
113,42,女,高中及以下,3,社会道德困境,1,11.81,4,1,3,6,1,1
113,42,女,高中及以下,4,社会道德困境,6,4.74,4,1,3,6,1,1
113,42,女,高中及以下,5,数字伦理,7,17.54,5,1,3,6,1,1
114,18,男,本科,1,社会道德困境,1,13.95,2,1,3,3,7,1
114,18,男,本科,2,社会道德困境,4,23.42,4,1,3,3,7,1
114,18,男,本科,3,数字伦理,6,17.12,4,1,3,3,7,1
114,18,男,本科,4,环境伦理,3,8.84,4,1,3,3,7,1
114,18,男,本科,5,环境伦理,1,11.66,4,1,3,3,7,1
115,20,男,本科,1,数字伦理,4,4.24,3,2,4,4,4,2
115,20,男,本科,2,环境伦理,1,6.38,5,2,4,4,4,2
115,20,男,本科,3,数字伦理,1,29.2,3,2,4,4,4,2
115,20,男,本科,4,社会道德困境,3,2.73,3,2,4,4,4,2
115,20,男,本科,5,社会道德困境,3,24.62,5,2,4,4,4,2
116,61,女,硕士及以上,1,数字伦理,6,28.35,5,6,4,3,3,3
116,61,女,硕士及以上,2,职业伦理,5,19.47,5,6,4,3,3,3
116,61,女,硕士及以上,3,社会道德困境,2,22.29,2,6,4,3,3,3
116,61,女,硕士及以上,4,个人道德困境,3,3.07,2,6,4,3,3,3
116,61,女,硕士及以上,5,环境伦理,5,4.34,5,6,4,3,3,3
117,43,男,高中及以下,1,职业伦理,3,25.9,4,4,6,6,4,2
117,43,男,高中及以下,2,数字伦理,7,17.64,4,4,6,6,4,2
117,43,男,高中及以下,3,社会道德困境,3,15.2,2,4,6,6,4,2
117,43,男,高中及以下,4,环境伦理,4,13.12,4,4,6,6,4,2
117,43,男,高中及以下,5,环境伦理,3,3.06,5,4,6,6,4,2
118,44,女,硕士及以上,1,职业伦理,6,2.97,3,6,4,3,1,7
118,44,女,硕士及以上,2,数字伦理,6,8.89,4,6,4,3,1,7
118,44,女,硕士及以上,3,职业伦理,1,16.7,2,6,4,3,1,7
118,44,女,硕士及以上,4,环境伦理,1,13.91,5,6,4,3,1,7
118,44,女,硕士及以上,5,职业伦理,1,17.45,2,6,4,3,1,7
119,58,男,高中及以下,1,社会道德困境,3,26.02,5,6,1,1,6,1
119,58,男,高中及以下,2,社会道德困境,2,5.38,4,6,1,1,6,1
119,58,男,高中及以下,3,职业伦理,5,5.07,4,6,1,1,6,1
119,58,男,高中及以下,4,个人道德困境,6,17.34,1,6,1,1,6,1
119,58,男,高中及以下,5,数字伦理,7,27.66,2,6,1,1,6,1
120,38,女,高中及以下,1,社会道德困境,5,24.09,5,1,5,3,7,1
120,38,女,高中及以下,2,数字伦理,1,27.48,4,1,5,3,7,1
120,38,女,高中及以下,3,职业伦理,6,7.12,2,1,5,3,7,1
120,38,女,高中及以下,4,环境伦理,6,8.73,2,1,5,3,7,1
120,38,女,高中及以下,5,数字伦理,1,29.03,3,1,5,3,7,1
121,60,女,硕士及以上,1,职业伦理,2,11.47,3,2,3,4,2,7
121,60,女,硕士及以上,2,职业伦理,1,4.67,4,2,3,4,2,7
121,60,女,硕士及以上,3,个人道德困境,4,28.81,3,2,3,4,2,7
121,60,女,硕士及以上,4,数字伦理,6,28.11,3,2,3,4,2,7
121,60,女,硕士及以上,5,数字伦理,1,25.75,5,2,3,4,2,7
122,55,男,硕士及以上,1,社会道德困境,7,18.34,2,6,6,3,1,1
122,55,男,硕士及以上,2,环境伦理,5,29.67,2,6,6,3,1,1
122,55,男,硕士及以上,3,环境伦理,4,4.71,4,6,6,3,1,1
122,55,男,硕士及以上,4,职业伦理,3,11.97,3,6,6,3,1,1
122,55,男,硕士及以上,5,职业伦理,6,13.48,3,6,6,3,1,1
123,57,女,本科,1,职业伦理,2,24.01,4,5,1,4,7,4
123,57,女,本科,2,数字伦理,3,14.25,3,5,1,4,7,4
123,57,女,本科,3,环境伦理,6,8.91,2,5,1,4,7,4
123,57,女,本科,4,环境伦理,3,20.97,3,5,1,4,7,4
123,57,女,本科,5,环境伦理,5,6.46,4,5,1,4,7,4
124,39,女,高中及以下,1,数字伦理,3,15.71,2,3,1,6,5,4
124,39,女,高中及以下,2,职业伦理,3,23.93,1,3,1,6,5,4
124,39,女,高中及以下,3,数字伦理,7,14.17,3,3,1,6,5,4
124,39,女,高中及以下,4,数字伦理,1,5.72,5,3,1,6,5,4
124,39,女,高中及以下,5,个人道德困境,4,17.27,1,3,1,6,5,4
125,36,女,硕士及以上,1,职业伦理,2,19.29,1,2,7,5,1,1
125,36,女,硕士及以上,2,数字伦理,1,7.89,4,2,7,5,1,1
125,36,女,硕士及以上,3,职业伦理,5,28.83,5,2,7,5,1,1
125,36,女,硕士及以上,4,职业伦理,4,29.57,3,2,7,5,1,1
125,36,女,硕士及以上,5,个人道德困境,7,6.26,2,2,7,5,1,1
126,34,男,高中及以下,1,环境伦理,1,26.02,5,3,4,3,2,3
126,34,男,高中及以下,2,职业伦理,7,25.11,1,3,4,3,2,3
126,34,男,高中及以下,3,环境伦理,3,6.22,3,3,4,3,2,3
126,34,男,高中及以下,4,数字伦理,7,17.79,1,3,4,3,2,3
126,34,男,高中及以下,5,职业伦理,2,20.3,3,3,4,3,2,3
127,44,女,硕士及以上,1,职业伦理,4,11.26,4,1,7,3,1,7
127,44,女,硕士及以上,2,数字伦理,3,4.53,5,1,7,3,1,7
127,44,女,硕士及以上,3,个人道德困境,4,23.52,3,1,7,3,1,7
127,44,女,硕士及以上,4,社会道德困境,4,11.7,5,1,7,3,1,7
127,44,女,硕士及以上,5,职业伦理,3,29.43,2,1,7,3,1,7
128,43,女,高中及以下,1,数字伦理,6,21.96,3,6,2,4,2,3
128,43,女,高中及以下,2,社会道德困境,4,3.62,2,6,2,4,2,3
128,43,女,高中及以下,3,个人道德困境,1,3.16,2,6,2,4,2,3
128,43,女,高中及以下,4,环境伦理,7,16.16,4,6,2,4,2,3
128,43,女,高中及以下,5,社会道德困境,7,10.48,5,6,2,4,2,3
129,26,女,硕士及以上,1,社会道德困境,4,28.23,2,6,7,7,4,6
129,26,女,硕士及以上,2,环境伦理,2,10.96,4,6,7,7,4,6
129,26,女,硕士及以上,3,社会道德困境,2,4.76,3,6,7,7,4,6
129,26,女,硕士及以上,4,数字伦理,2,10.33,4,6,7,7,4,6
129,26,女,硕士及以上,5,个人道德困境,2,26.44,2,6,7,7,4,6
130,21,女,本科,1,环境伦理,6,13.03,4,6,6,7,2,5
130,21,女,本科,2,职业伦理,1,28.03,4,6,6,7,2,5
130,21,女,本科,3,数字伦理,1,12.26,5,6,6,7,2,5
130,21,女,本科,4,职业伦理,5,26.38,1,6,6,7,2,5
130,21,女,本科,5,个人道德困境,7,14.38,3,6,6,7,2,5
131,63,女,本科,1,环境伦理,1,21.49,4,5,7,6,4,1
131,63,女,本科,2,个人道德困境,2,6.0,2,5,7,6,4,1
131,63,女,本科,3,数字伦理,7,12.15,4,5,7,6,4,1
131,63,女,本科,4,个人道德困境,3,21.75,1,5,7,6,4,1
131,63,女,本科,5,社会道德困境,7,10.82,4,5,7,6,4,1
132,47,女,本科,1,职业伦理,3,6.19,1,4,5,3,3,7
132,47,女,本科,2,社会道德困境,2,8.58,5,4,5,3,3,7
132,47,女,本科,3,社会道德困境,2,11.95,2,4,5,3,3,7
132,47,女,本科,4,环境伦理,4,17.28,4,4,5,3,3,7
132,47,女,本科,5,职业伦理,6,23.65,5,4,5,3,3,7
133,56,男,硕士及以上,1,职业伦理,6,9.71,2,6,3,6,3,7
133,56,男,硕士及以上,2,职业伦理,7,4.49,3,6,3,6,3,7
133,56,男,硕士及以上,3,职业伦理,5,7.43,4,6,3,6,3,7
133,56,男,硕士及以上,4,社会道德困境,6,17.22,4,6,3,6,3,7
133,56,男,硕士及以上,5,数字伦理,7,14.15,1,6,3,6,3,7
134,35,女,本科,1,数字伦理,2,1.81,2,3,5,2,5,4
134,35,女,本科,2,职业伦理,6,7.09,4,3,5,2,5,4
134,35,女,本科,3,数字伦理,2,18.27,3,3,5,2,5,4
134,35,女,本科,4,数字伦理,1,5.04,1,3,5,2,5,4
134,35,女,本科,5,环境伦理,1,1.57,2,3,5,2,5,4
135,40,男,本科,1,环境伦理,4,22.11,4,2,1,5,6,6
135,40,男,本科,2,职业伦理,5,16.55,2,2,1,5,6,6
135,40,男,本科,3,数字伦理,2,8.54,5,2,1,5,6,6
135,40,男,本科,4,个人道德困境,5,1.63,5,2,1,5,6,6
135,40,男,本科,5,个人道德困境,1,2.45,4,2,1,5,6,6
136,55,男,本科,1,职业伦理,1,14.85,1,6,5,3,6,5
136,55,男,本科,2,职业伦理,7,5.7,1,6,5,3,6,5
136,55,男,本科,3,个人道德困境,3,11.88,3,6,5,3,6,5
136,55,男,本科,4,个人道德困境,5,7.53,4,6,5,3,6,5
136,55,男,本科,5,数字伦理,4,22.54,2,6,5,3,6,5
137,57,男,本科,1,社会道德困境,6,17.24,1,7,2,3,3,7
137,57,男,本科,2,社会道德困境,1,23.94,3,7,2,3,3,7
137,57,男,本科,3,个人道德困境,7,19.93,1,7,2,3,3,7
137,57,男,本科,4,个人道德困境,5,21.73,4,7,2,3,3,7
137,57,男,本科,5,数字伦理,3,19.41,3,7,2,3,3,7
138,28,女,高中及以下,1,个人道德困境,3,12.88,1,3,7,3,1,7
138,28,女,高中及以下,2,环境伦理,7,2.45,2,3,7,3,1,7
138,28,女,高中及以下,3,个人道德困境,6,14.55,4,3,7,3,1,7
138,28,女,高中及以下,4,个人道德困境,5,17.9,5,3,7,3,1,7
138,28,女,高中及以下,5,个人道德困境,7,11.74,5,3,7,3,1,7
139,30,女,高中及以下,1,职业伦理,3,24.81,4,3,3,3,2,2
139,30,女,高中及以下,2,环境伦理,3,22.15,4,3,3,3,2,2
139,30,女,高中及以下,3,职业伦理,1,19.13,1,3,3,3,2,2
139,30,女,高中及以下,4,个人道德困境,3,1.31,3,3,3,3,2,2
139,30,女,高中及以下,5,社会道德困境,6,8.04,1,3,3,3,2,2
140,29,女,硕士及以上,1,数字伦理,7,4.38,4,3,4,2,4,6
140,29,女,硕士及以上,2,个人道德困境,3,8.91,2,3,4,2,4,6
140,29,女,硕士及以上,3,职业伦理,3,1.09,3,3,4,2,4,6
140,29,女,硕士及以上,4,个人道德困境,1,7.33,3,3,4,2,4,6
140,29,女,硕士及以上,5,职业伦理,6,11.99,3,3,4,2,4,6
141,51,男,硕士及以上,1,数字伦理,5,5.41,5,6,5,7,1,4
141,51,男,硕士及以上,2,职业伦理,6,6.0,5,6,5,7,1,4
141,51,男,硕士及以上,3,职业伦理,3,28.59,1,6,5,7,1,4
141,51,男,硕士及以上,4,个人道德困境,4,16.24,2,6,5,7,1,4
141,51,男,硕士及以上,5,职业伦理,3,5.11,5,6,5,7,1,4
142,55,男,高中及以下,1,个人道德困境,6,20.48,1,3,5,2,6,6
142,55,男,高中及以下,2,个人道德困境,1,16.53,3,3,5,2,6,6
142,55,男,高中及以下,3,个人道德困境,2,21.05,4,3,5,2,6,6
142,55,男,高中及以下,4,职业伦理,3,4.49,2,3,5,2,6,6
142,55,男,高中及以下,5,环境伦理,7,27.38,1,3,5,2,6,6
143,54,女,本科,1,职业伦理,3,27.83,2,5,3,6,1,5
143,54,女,本科,2,社会道德困境,5,19.29,5,5,3,6,1,5
143,54,女,本科,3,个人道德困境,2,16.6,5,5,3,6,1,5
143,54,女,本科,4,数字伦理,2,7.78,5,5,3,6,1,5
143,54,女,本科,5,职业伦理,7,25.06,3,5,3,6,1,5
144,35,男,硕士及以上,1,社会道德困境,6,19.2,4,4,2,7,2,7
144,35,男,硕士及以上,2,职业伦理,1,3.05,2,4,2,7,2,7
144,35,男,硕士及以上,3,职业伦理,3,8.92,3,4,2,7,2,7
144,35,男,硕士及以上,4,社会道德困境,7,18.86,2,4,2,7,2,7
144,35,男,硕士及以上,5,环境伦理,3,7.8,4,4,2,7,2,7
145,57,男,硕士及以上,1,职业伦理,5,28.92,2,2,6,5,7,1
145,57,男,硕士及以上,2,社会道德困境,2,26.64,3,2,6,5,7,1
145,57,男,硕士及以上,3,社会道德困境,4,1.94,2,2,6,5,7,1
145,57,男,硕士及以上,4,环境伦理,3,15.98,5,2,6,5,7,1
145,57,男,硕士及以上,5,个人道德困境,6,28.45,4,2,6,5,7,1
146,19,女,硕士及以上,1,环境伦理,3,9.47,1,2,7,3,4,3
146,19,女,硕士及以上,2,社会道德困境,1,19.19,4,2,7,3,4,3
146,19,女,硕士及以上,3,环境伦理,2,23.6,3,2,7,3,4,3
146,19,女,硕士及以上,4,数字伦理,4,12.83,5,2,7,3,4,3
146,19,女,硕士及以上,5,环境伦理,6,5.81,3,2,7,3,4,3
147,60,女,高中及以下,1,社会道德困境,3,2.69,4,3,1,2,2,7
147,60,女,高中及以下,2,数字伦理,2,15.22,4,3,1,2,2,7
147,60,女,高中及以下,3,环境伦理,4,12.58,3,3,1,2,2,7
147,60,女,高中及以下,4,环境伦理,6,14.82,2,3,1,2,2,7
147,60,女,高中及以下,5,职业伦理,6,9.77,5,3,1,2,2,7
148,47,男,本科,1,数字伦理,2,4.86,1,3,2,3,2,5
148,47,男,本科,2,个人道德困境,4,23.76,5,3,2,3,2,5
148,47,男,本科,3,环境伦理,4,26.48,4,3,2,3,2,5
148,47,男,本科,4,环境伦理,4,12.15,1,3,2,3,2,5
148,47,男,本科,5,个人道德困境,1,17.16,5,3,2,3,2,5
149,53,男,硕士及以上,1,社会道德困境,4,14.21,2,3,2,5,4,2
149,53,男,硕士及以上,2,社会道德困境,3,22.75,2,3,2,5,4,2
149,53,男,硕士及以上,3,社会道德困境,3,10.3,2,3,2,5,4,2
149,53,男,硕士及以上,4,环境伦理,6,11.36,4,3,2,5,4,2
149,53,男,硕士及以上,5,社会道德困境,2,15.29,5,3,2,5,4,2
150,50,男,硕士及以上,1,职业伦理,2,14.25,1,3,5,7,7,1
150,50,男,硕士及以上,2,社会道德困境,3,11.5,4,3,5,7,7,1
150,50,男,硕士及以上,3,数字伦理,4,28.11,5,3,5,7,7,1
150,50,男,硕士及以上,4,数字伦理,7,12.22,3,3,5,7,7,1
150,50,男,硕士及以上,5,职业伦理,6,22.82,1,3,5,7,7,1
151,46,男,硕士及以上,1,个人道德困境,1,26.11,1,7,6,5,2,6
151,46,男,硕士及以上,2,个人道德困境,3,10.74,5,7,6,5,2,6
151,46,男,硕士及以上,3,个人道德困境,3,14.49,5,7,6,5,2,6
151,46,男,硕士及以上,4,环境伦理,2,15.44,4,7,6,5,2,6
151,46,男,硕士及以上,5,职业伦理,5,20.04,3,7,6,5,2,6
152,37,男,硕士及以上,1,社会道德困境,3,25.7,5,5,6,1,6,6
152,37,男,硕士及以上,2,环境伦理,7,9.74,3,5,6,1,6,6
152,37,男,硕士及以上,3,数字伦理,2,27.46,2,5,6,1,6,6
152,37,男,硕士及以上,4,数字伦理,5,23.29,3,5,6,1,6,6
152,37,男,硕士及以上,5,数字伦理,2,11.82,4,5,6,1,6,6
153,30,男,高中及以下,1,个人道德困境,5,22.77,4,2,2,1,2,1
153,30,男,高中及以下,2,环境伦理,4,20.33,5,2,2,1,2,1
153,30,男,高中及以下,3,社会道德困境,2,11.64,1,2,2,1,2,1
153,30,男,高中及以下,4,数字伦理,3,1.13,2,2,2,1,2,1
153,30,男,高中及以下,5,职业伦理,4,2.7,3,2,2,1,2,1
154,22,女,本科,1,职业伦理,7,13.86,5,4,5,5,4,5
154,22,女,本科,2,数字伦理,1,21.73,4,4,5,5,4,5
154,22,女,本科,3,环境伦理,7,22.94,1,4,5,5,4,5
154,22,女,本科,4,社会道德困境,5,29.69,4,4,5,5,4,5
154,22,女,本科,5,社会道德困境,2,12.65,4,4,5,5,4,5
155,58,女,高中及以下,1,社会道德困境,1,13.53,4,3,3,2,7,3
155,58,女,高中及以下,2,社会道德困境,4,9.28,3,3,3,2,7,3
155,58,女,高中及以下,3,环境伦理,3,18.26,2,3,3,2,7,3
155,58,女,高中及以下,4,数字伦理,2,12.6,1,3,3,2,7,3
155,58,女,高中及以下,5,职业伦理,5,28.59,3,3,3,2,7,3
156,37,男,本科,1,职业伦理,5,3.8,2,7,1,7,4,4
156,37,男,本科,2,环境伦理,5,4.87,3,7,1,7,4,4
156,37,男,本科,3,职业伦理,3,27.53,3,7,1,7,4,4
156,37,男,本科,4,社会道德困境,2,8.14,4,7,1,7,4,4
156,37,男,本科,5,职业伦理,7,17.19,5,7,1,7,4,4
157,46,男,本科,1,个人道德困境,7,3.32,5,7,7,2,5,7
157,46,男,本科,2,数字伦理,3,10.09,1,7,7,2,5,7
157,46,男,本科,3,数字伦理,4,12.68,3,7,7,2,5,7
157,46,男,本科,4,社会道德困境,7,28.69,5,7,7,2,5,7
157,46,男,本科,5,职业伦理,1,21.39,4,7,7,2,5,7
158,22,女,本科,1,职业伦理,3,6.07,2,4,5,5,5,7
158,22,女,本科,2,社会道德困境,5,18.87,4,4,5,5,5,7
158,22,女,本科,3,职业伦理,1,12.9,5,4,5,5,5,7
158,22,女,本科,4,数字伦理,4,8.35,1,4,5,5,5,7
158,22,女,本科,5,数字伦理,7,15.83,5,4,5,5,5,7
159,32,男,硕士及以上,1,环境伦理,6,10.62,1,3,7,1,6,4
159,32,男,硕士及以上,2,数字伦理,7,18.42,3,3,7,1,6,4
159,32,男,硕士及以上,3,环境伦理,3,18.54,5,3,7,1,6,4
159,32,男,硕士及以上,4,个人道德困境,1,27.11,3,3,7,1,6,4
159,32,男,硕士及以上,5,个人道德困境,3,22.11,2,3,7,1,6,4
160,30,男,硕士及以上,1,个人道德困境,6,16.5,2,2,4,2,3,5
160,30,男,硕士及以上,2,环境伦理,6,25.94,3,2,4,2,3,5
160,30,男,硕士及以上,3,数字伦理,5,1.9,1,2,4,2,3,5
160,30,男,硕士及以上,4,社会道德困境,4,14.99,1,2,4,2,3,5
160,30,男,硕士及以上,5,数字伦理,6,2.42,1,2,4,2,3,5
161,37,男,硕士及以上,1,社会道德困境,7,5.66,2,5,5,1,7,2
161,37,男,硕士及以上,2,社会道德困境,7,2.97,2,5,5,1,7,2
161,37,男,硕士及以上,3,数字伦理,1,1.54,3,5,5,1,7,2
161,37,男,硕士及以上,4,数字伦理,6,25.84,4,5,5,1,7,2
161,37,男,硕士及以上,5,职业伦理,5,8.88,5,5,5,1,7,2
162,36,女,本科,1,职业伦理,7,4.69,1,5,2,6,4,6
162,36,女,本科,2,个人道德困境,4,9.15,2,5,2,6,4,6
162,36,女,本科,3,社会道德困境,5,28.12,2,5,2,6,4,6
162,36,女,本科,4,环境伦理,4,19.25,3,5,2,6,4,6
162,36,女,本科,5,职业伦理,5,6.53,4,5,2,6,4,6
163,23,男,高中及以下,1,环境伦理,6,9.05,3,6,6,2,5,6
163,23,男,高中及以下,2,社会道德困境,4,25.14,5,6,6,2,5,6
163,23,男,高中及以下,3,职业伦理,1,11.04,5,6,6,2,5,6
163,23,男,高中及以下,4,社会道德困境,4,1.2,5,6,6,2,5,6
163,23,男,高中及以下,5,环境伦理,4,4.36,4,6,6,2,5,6
164,43,女,高中及以下,1,社会道德困境,5,20.03,4,7,6,4,1,2
164,43,女,高中及以下,2,职业伦理,7,19.36,5,7,6,4,1,2
164,43,女,高中及以下,3,职业伦理,3,27.12,5,7,6,4,1,2
164,43,女,高中及以下,4,职业伦理,6,20.29,2,7,6,4,1,2
164,43,女,高中及以下,5,社会道德困境,5,22.99,3,7,6,4,1,2
165,19,男,高中及以下,1,数字伦理,3,5.54,4,7,5,3,1,1
165,19,男,高中及以下,2,社会道德困境,5,22.36,3,7,5,3,1,1
165,19,男,高中及以下,3,社会道德困境,7,17.89,5,7,5,3,1,1
165,19,男,高中及以下,4,社会道德困境,3,2.52,5,7,5,3,1,1
165,19,男,高中及以下,5,数字伦理,7,1.66,3,7,5,3,1,1
166,29,女,高中及以下,1,环境伦理,4,25.36,5,3,5,7,4,4
166,29,女,高中及以下,2,环境伦理,3,15.45,5,3,5,7,4,4
166,29,女,高中及以下,3,社会道德困境,5,18.79,3,3,5,7,4,4
166,29,女,高中及以下,4,职业伦理,4,14.52,4,3,5,7,4,4
166,29,女,高中及以下,5,数字伦理,7,27.53,2,3,5,7,4,4
167,19,男,高中及以下,1,社会道德困境,5,27.62,4,6,2,5,7,4
167,19,男,高中及以下,2,职业伦理,5,3.23,1,6,2,5,7,4
167,19,男,高中及以下,3,职业伦理,3,18.89,4,6,2,5,7,4
167,19,男,高中及以下,4,数字伦理,7,10.13,4,6,2,5,7,4
167,19,男,高中及以下,5,社会道德困境,2,26.3,5,6,2,5,7,4
168,54,男,本科,1,个人道德困境,6,26.78,3,5,1,5,6,5
168,54,男,本科,2,环境伦理,7,24.79,5,5,1,5,6,5
168,54,男,本科,3,环境伦理,4,29.49,4,5,1,5,6,5
168,54,男,本科,4,职业伦理,5,1.97,2,5,1,5,6,5
168,54,男,本科,5,环境伦理,6,4.29,3,5,1,5,6,5
169,31,女,本科,1,社会道德困境,2,2.57,2,7,1,5,1,1
169,31,女,本科,2,职业伦理,3,25.87,4,7,1,5,1,1
169,31,女,本科,3,个人道德困境,2,7.15,2,7,1,5,1,1
169,31,女,本科,4,数字伦理,2,19.22,3,7,1,5,1,1
169,31,女,本科,5,社会道德困境,7,6.4,2,7,1,5,1,1
170,23,女,高中及以下,1,个人道德困境,6,1.73,4,3,2,3,5,4
170,23,女,高中及以下,2,社会道德困境,5,8.37,3,3,2,3,5,4
170,23,女,高中及以下,3,数字伦理,5,5.47,4,3,2,3,5,4
170,23,女,高中及以下,4,社会道德困境,6,27.21,1,3,2,3,5,4
170,23,女,高中及以下,5,职业伦理,2,26.46,4,3,2,3,5,4
171,64,女,硕士及以上,1,环境伦理,4,6.11,1,1,4,1,6,2
171,64,女,硕士及以上,2,职业伦理,4,12.1,3,1,4,1,6,2
171,64,女,硕士及以上,3,环境伦理,4,14.74,4,1,4,1,6,2
171,64,女,硕士及以上,4,职业伦理,3,19.9,3,1,4,1,6,2
171,64,女,硕士及以上,5,职业伦理,3,15.76,3,1,4,1,6,2
172,46,女,本科,1,数字伦理,3,23.5,5,5,7,3,2,6
172,46,女,本科,2,个人道德困境,2,18.29,3,5,7,3,2,6
172,46,女,本科,3,数字伦理,2,27.82,4,5,7,3,2,6
172,46,女,本科,4,数字伦理,2,6.01,1,5,7,3,2,6
172,46,女,本科,5,职业伦理,5,27.66,5,5,7,3,2,6
173,51,女,高中及以下,1,社会道德困境,4,4.53,4,3,3,2,6,7
173,51,女,高中及以下,2,数字伦理,5,12.96,3,3,3,2,6,7
173,51,女,高中及以下,3,个人道德困境,1,5.56,5,3,3,2,6,7
173,51,女,高中及以下,4,社会道德困境,3,14.65,5,3,3,2,6,7
173,51,女,高中及以下,5,环境伦理,2,9.85,4,3,3,2,6,7
174,62,男,高中及以下,1,职业伦理,5,14.83,1,3,3,1,5,2
174,62,男,高中及以下,2,个人道德困境,6,29.17,5,3,3,1,5,2
174,62,男,高中及以下,3,社会道德困境,6,7.86,5,3,3,1,5,2
174,62,男,高中及以下,4,职业伦理,2,19.52,5,3,3,1,5,2
174,62,男,高中及以下,5,职业伦理,6,11.51,2,3,3,1,5,2
175,64,女,本科,1,个人道德困境,4,2.37,5,7,7,5,5,3
175,64,女,本科,2,数字伦理,7,8.38,2,7,7,5,5,3
175,64,女,本科,3,个人道德困境,7,13.61,3,7,7,5,5,3
175,64,女,本科,4,环境伦理,7,11.18,5,7,7,5,5,3
175,64,女,本科,5,个人道德困境,1,25.38,5,7,7,5,5,3
176,35,男,硕士及以上,1,数字伦理,1,2.06,2,1,5,1,7,6
176,35,男,硕士及以上,2,数字伦理,2,21.2,2,1,5,1,7,6
176,35,男,硕士及以上,3,数字伦理,3,23.8,5,1,5,1,7,6
176,35,男,硕士及以上,4,社会道德困境,4,16.15,4,1,5,1,7,6
176,35,男,硕士及以上,5,个人道德困境,3,23.98,3,1,5,1,7,6
177,26,女,硕士及以上,1,个人道德困境,7,19.86,2,1,4,6,3,3
177,26,女,硕士及以上,2,职业伦理,1,28.62,1,1,4,6,3,3
177,26,女,硕士及以上,3,职业伦理,4,28.87,2,1,4,6,3,3
177,26,女,硕士及以上,4,个人道德困境,1,26.18,4,1,4,6,3,3
177,26,女,硕士及以上,5,社会道德困境,3,5.32,4,1,4,6,3,3
178,48,女,高中及以下,1,个人道德困境,2,12.64,5,4,6,4,3,3
178,48,女,高中及以下,2,环境伦理,4,16.82,3,4,6,4,3,3
178,48,女,高中及以下,3,环境伦理,2,3.78,3,4,6,4,3,3
178,48,女,高中及以下,4,职业伦理,1,17.62,4,4,6,4,3,3
178,48,女,高中及以下,5,个人道德困境,5,11.58,2,4,6,4,3,3
179,51,女,硕士及以上,1,社会道德困境,4,1.61,1,7,7,5,1,7
179,51,女,硕士及以上,2,数字伦理,2,20.58,4,7,7,5,1,7
179,51,女,硕士及以上,3,环境伦理,1,10.51,4,7,7,5,1,7
179,51,女,硕士及以上,4,数字伦理,6,12.08,2,7,7,5,1,7
179,51,女,硕士及以上,5,职业伦理,1,13.16,1,7,7,5,1,7
180,55,男,高中及以下,1,社会道德困境,3,28.29,2,5,6,5,4,5
180,55,男,高中及以下,2,数字伦理,4,22.52,2,5,6,5,4,5
180,55,男,高中及以下,3,职业伦理,3,11.18,4,5,6,5,4,5
180,55,男,高中及以下,4,数字伦理,4,23.21,1,5,6,5,4,5
180,55,男,高中及以下,5,环境伦理,6,7.1,1,5,6,5,4,5
181,31,男,高中及以下,1,职业伦理,1,22.42,5,3,3,7,2,7
181,31,男,高中及以下,2,社会道德困境,4,18.87,3,3,3,7,2,7
181,31,男,高中及以下,3,个人道德困境,3,23.1,3,3,3,7,2,7
181,31,男,高中及以下,4,个人道德困境,1,8.36,4,3,3,7,2,7
181,31,男,高中及以下,5,环境伦理,4,19.24,1,3,3,7,2,7
182,48,女,硕士及以上,1,环境伦理,6,11.05,2,3,7,5,4,7
182,48,女,硕士及以上,2,社会道德困境,5,10.01,3,3,7,5,4,7
182,48,女,硕士及以上,3,个人道德困境,1,24.8,1,3,7,5,4,7
182,48,女,硕士及以上,4,数字伦理,3,10.67,2,3,7,5,4,7
182,48,女,硕士及以上,5,环境伦理,4,4.19,4,3,7,5,4,7
183,55,男,本科,1,环境伦理,2,3.26,4,5,4,5,1,2
183,55,男,本科,2,个人道德困境,1,26.5,4,5,4,5,1,2
183,55,男,本科,3,数字伦理,7,22.68,5,5,4,5,1,2
183,55,男,本科,4,环境伦理,3,20.46,4,5,4,5,1,2
183,55,男,本科,5,个人道德困境,1,28.93,5,5,4,5,1,2
184,38,男,本科,1,职业伦理,1,28.56,5,7,2,6,2,1
184,38,男,本科,2,数字伦理,4,14.75,3,7,2,6,2,1
184,38,男,本科,3,环境伦理,2,26.77,1,7,2,6,2,1
184,38,男,本科,4,环境伦理,1,13.19,1,7,2,6,2,1
184,38,男,本科,5,环境伦理,7,3.0,2,7,2,6,2,1
185,53,男,硕士及以上,1,社会道德困境,6,5.17,3,6,1,7,6,3
185,53,男,硕士及以上,2,社会道德困境,4,12.15,1,6,1,7,6,3
185,53,男,硕士及以上,3,职业伦理,7,19.01,5,6,1,7,6,3
185,53,男,硕士及以上,4,社会道德困境,5,10.98,1,6,1,7,6,3
185,53,男,硕士及以上,5,社会道德困境,4,17.56,1,6,1,7,6,3
186,54,男,高中及以下,1,环境伦理,1,5.6,2,3,5,2,7,7
186,54,男,高中及以下,2,环境伦理,6,15.62,2,3,5,2,7,7
186,54,男,高中及以下,3,个人道德困境,3,20.47,2,3,5,2,7,7
186,54,男,高中及以下,4,职业伦理,5,17.88,4,3,5,2,7,7
186,54,男,高中及以下,5,数字伦理,6,22.91,3,3,5,2,7,7
187,50,女,硕士及以上,1,数字伦理,3,28.39,4,2,2,1,7,5
187,50,女,硕士及以上,2,社会道德困境,1,14.35,2,2,2,1,7,5
187,50,女,硕士及以上,3,环境伦理,7,2.58,3,2,2,1,7,5
187,50,女,硕士及以上,4,环境伦理,2,24.16,2,2,2,1,7,5
187,50,女,硕士及以上,5,数字伦理,2,27.27,2,2,2,1,7,5
188,21,男,高中及以下,1,数字伦理,1,24.96,5,5,1,7,3,1
188,21,男,高中及以下,2,社会道德困境,6,7.74,3,5,1,7,3,1
188,21,男,高中及以下,3,职业伦理,1,4.79,1,5,1,7,3,1
188,21,男,高中及以下,4,社会道德困境,7,5.64,2,5,1,7,3,1
188,21,男,高中及以下,5,环境伦理,4,10.48,1,5,1,7,3,1
189,48,女,本科,1,数字伦理,6,20.17,1,4,3,1,6,4
189,48,女,本科,2,环境伦理,2,22.85,5,4,3,1,6,4
189,48,女,本科,3,环境伦理,2,12.07,1,4,3,1,6,4
189,48,女,本科,4,社会道德困境,4,3.97,4,4,3,1,6,4
189,48,女,本科,5,职业伦理,3,2.54,5,4,3,1,6,4
190,49,男,硕士及以上,1,环境伦理,1,2.57,5,7,2,5,2,5
190,49,男,硕士及以上,2,社会道德困境,3,3.83,1,7,2,5,2,5
190,49,男,硕士及以上,3,数字伦理,6,19.15,3,7,2,5,2,5
190,49,男,硕士及以上,4,社会道德困境,6,27.32,1,7,2,5,2,5
190,49,男,硕士及以上,5,个人道德困境,7,7.11,1,7,2,5,2,5
191,46,男,本科,1,环境伦理,6,19.67,2,2,7,4,3,7
191,46,男,本科,2,社会道德困境,1,7.02,1,2,7,4,3,7
191,46,男,本科,3,数字伦理,1,23.03,1,2,7,4,3,7
191,46,男,本科,4,社会道德困境,5,9.77,4,2,7,4,3,7
191,46,男,本科,5,职业伦理,3,29.61,3,2,7,4,3,7
192,39,女,本科,1,职业伦理,7,11.09,5,7,5,1,6,7
192,39,女,本科,2,环境伦理,4,21.56,1,7,5,1,6,7
192,39,女,本科,3,职业伦理,4,6.79,4,7,5,1,6,7
192,39,女,本科,4,社会道德困境,7,28.64,3,7,5,1,6,7
192,39,女,本科,5,环境伦理,6,29.14,3,7,5,1,6,7
193,64,女,硕士及以上,1,个人道德困境,7,25.3,4,1,4,2,5,5
193,64,女,硕士及以上,2,数字伦理,6,4.83,1,1,4,2,5,5
193,64,女,硕士及以上,3,职业伦理,4,15.6,3,1,4,2,5,5
193,64,女,硕士及以上,4,个人道德困境,7,12.28,2,1,4,2,5,5
193,64,女,硕士及以上,5,数字伦理,2,4.24,2,1,4,2,5,5
194,62,女,本科,1,个人道德困境,1,6.87,4,6,6,3,4,5
194,62,女,本科,2,数字伦理,7,23.24,1,6,6,3,4,5
194,62,女,本科,3,个人道德困境,3,16.45,2,6,6,3,4,5
194,62,女,本科,4,数字伦理,2,4.21,1,6,6,3,4,5
194,62,女,本科,5,环境伦理,7,8.87,3,6,6,3,4,5
195,44,女,高中及以下,1,个人道德困境,1,25.4,3,3,5,4,7,6
195,44,女,高中及以下,2,个人道德困境,3,7.15,2,3,5,4,7,6
195,44,女,高中及以下,3,环境伦理,2,28.03,5,3,5,4,7,6
195,44,女,高中及以下,4,个人道德困境,2,19.3,3,3,5,4,7,6
195,44,女,高中及以下,5,数字伦理,4,23.74,5,3,5,4,7,6
196,48,女,本科,1,社会道德困境,7,25.76,5,7,2,3,3,6
196,48,女,本科,2,个人道德困境,3,3.29,1,7,2,3,3,6
196,48,女,本科,3,职业伦理,4,7.15,1,7,2,3,3,6
196,48,女,本科,4,个人道德困境,3,19.49,1,7,2,3,3,6
196,48,女,本科,5,数字伦理,2,21.48,5,7,2,3,3,6
197,22,男,本科,1,个人道德困境,2,28.1,3,2,6,2,4,3
197,22,男,本科,2,社会道德困境,6,7.3,5,2,6,2,4,3
197,22,男,本科,3,环境伦理,6,9.03,2,2,6,2,4,3
197,22,男,本科,4,社会道德困境,3,22.78,1,2,6,2,4,3
197,22,男,本科,5,社会道德困境,1,15.4,5,2,6,2,4,3
198,24,女,本科,1,职业伦理,1,3.46,1,2,6,4,7,4
198,24,女,本科,2,数字伦理,7,6.16,5,2,6,4,7,4
198,24,女,本科,3,环境伦理,6,17.69,4,2,6,4,7,4
198,24,女,本科,4,职业伦理,2,2.19,3,2,6,4,7,4
198,24,女,本科,5,职业伦理,6,12.09,2,2,6,4,7,4
199,45,女,本科,1,职业伦理,3,6.01,1,2,1,5,2,4
199,45,女,本科,2,社会道德困境,3,6.2,1,2,1,5,2,4
199,45,女,本科,3,社会道德困境,3,4.39,4,2,1,5,2,4
199,45,女,本科,4,个人道德困境,5,16.37,4,2,1,5,2,4
199,45,女,本科,5,职业伦理,4,6.21,3,2,1,5,2,4
200,37,女,本科,1,个人道德困境,3,23.18,3,4,3,3,6,1
200,37,女,本科,2,数字伦理,5,25.59,1,4,3,3,6,1
200,37,女,本科,3,社会道德困境,3,11.23,4,4,3,3,6,1
200,37,女,本科,4,数字伦理,4,25.95,2,4,3,3,6,1
200,37,女,本科,5,环境伦理,3,9.6,2,4,3,3,6,1
